Start Time, Oct. 16, 2006 at 01:18:08 PM
Energy calibration,  Offset: 0, Slope: 0.5, Quadratic: 0
Live Time (s), 126.66
Real Time (s), 133.5
Elapsed Computational, 0
Spectrum
Channel, Energy (keV), Counts
1, 0.5, 0
2, 1, 0
3, 1.5, 0
4, 2, 0
5, 2.5, 0
6, 3, 0
7, 3.5, 0
8, 4, 0
9, 4.5, 0
10, 5, 0
11, 5.5, 0
12, 6, 0
13, 6.5, 0
14, 7, 0
15, 7.5, 0
16, 8, 0
17, 8.5, 0
18, 9, 0
19, 9.5, 0
20, 10, 0
21, 10.5, 0
22, 11, 0
23, 11.5, 0
24, 12, 0
25, 12.5, 0
26, 13, 0
27, 13.5, 0
28, 14, 0
29, 14.5, 0
30, 15, 0
31, 15.5, 0
32, 16, 0
33, 16.5, 0
34, 17, 0
35, 17.5, 0
36, 18, 0
37, 18.5, 0
38, 19, 0
39, 19.5, 0
40, 20, 0
41, 20.5, 0
42, 21, 0
43, 21.5, 0
44, 22, 0
45, 22.5, 0
46, 23, 42
47, 23.5, 60
48, 24, 57
49, 24.5, 76
50, 25, 74
51, 25.5, 75
52, 26, 64
53, 26.5, 80
54, 27, 73
55, 27.5, 88
56, 28, 78
57, 28.5, 104
58, 29, 112
59, 29.5, 102
60, 30, 118
61, 30.5, 141
62, 31, 141
63, 31.5, 168
64, 32, 158
65, 32.5, 166
66, 33, 193
67, 33.5, 225
68, 34, 229
69, 34.5, 238
70, 35, 247
71, 35.5, 252
72, 36, 267
73, 36.5, 292
74, 37, 329
75, 37.5, 344
76, 38, 427
77, 38.5, 437
78, 39, 466
79, 39.5, 546
80, 40, 545
81, 40.5, 633
82, 41, 697
83, 41.5, 742
84, 42, 904
85, 42.5, 994
86, 43, 1052
87, 43.5, 1250
88, 44, 1328
89, 44.5, 1467
90, 45, 1657
91, 45.5, 1871
92, 46, 2072
93, 46.5, 2195
94, 47, 2367
95, 47.5, 2338
96, 48, 2466
97, 48.5, 2431
98, 49, 2384
99, 49.5, 2303
100, 50, 2342
101, 50.5, 2279
102, 51, 2354
103, 51.5, 2220
104, 52, 2140
105, 52.5, 2119
106, 53, 2111
107, 53.5, 2028
108, 54, 2028
109, 54.5, 1989
110, 55, 2103
111, 55.5, 2026
112, 56, 2032
113, 56.5, 1979
114, 57, 1938
115, 57.5, 1975
116, 58, 1944
117, 58.5, 1964
118, 59, 1894
119, 59.5, 1880
120, 60, 1947
121, 60.5, 1921
122, 61, 1860
123, 61.5, 1827
124, 62, 1846
125, 62.5, 1728
126, 63, 1822
127, 63.5, 1866
128, 64, 1852
129, 64.5, 1737
130, 65, 1787
131, 65.5, 1809
132, 66, 1818
133, 66.5, 1749
134, 67, 1738
135, 67.5, 1692
136, 68, 1765
137, 68.5, 1730
138, 69, 1786
139, 69.5, 1684
140, 70, 1667
141, 70.5, 1775
142, 71, 1685
143, 71.5, 1707
144, 72, 1645
145, 72.5, 1561
146, 73, 1680
147, 73.5, 1617
148, 74, 1625
149, 74.5, 1566
150, 75, 1568
151, 75.5, 1596
152, 76, 1492
153, 76.5, 1532
154, 77, 1546
155, 77.5, 1538
156, 78, 1574
157, 78.5, 1525
158, 79, 1520
159, 79.5, 1556
160, 80, 1520
161, 80.5, 1591
162, 81, 1451
163, 81.5, 1518
164, 82, 1470
165, 82.5, 1485
166, 83, 1469
167, 83.5, 1562
168, 84, 1469
169, 84.5, 1532
170, 85, 1519
171, 85.5, 1487
172, 86, 1525
173, 86.5, 1587
174, 87, 1589
175, 87.5, 1564
176, 88, 1669
177, 88.5, 1619
178, 89, 1654
179, 89.5, 1615
180, 90, 1779
181, 90.5, 1758
182, 91, 1848
183, 91.5, 1894
184, 92, 1997
185, 92.5, 2187
186, 93, 2242
187, 93.5, 2373
188, 94, 2526
189, 94.5, 2721
190, 95, 2796
191, 95.5, 3016
192, 96, 2988
193, 96.5, 3188
194, 97, 3133
195, 97.5, 3216
196, 98, 3176
197, 98.5, 3129
198, 99, 3132
199, 99.5, 3011
200, 100, 2870
201, 100.5, 2811
202, 101, 2682
203, 101.5, 2543
204, 102, 2287
205, 102.5, 2237
206, 103, 2066
207, 103.5, 1956
208, 104, 1844
209, 104.5, 1754
210, 105, 1689
211, 105.5, 1611
212, 106, 1600
213, 106.5, 1494
214, 107, 1574
215, 107.5, 1569
216, 108, 1591
217, 108.5, 1579
218, 109, 1658
219, 109.5, 1744
220, 110, 1826
221, 110.5, 1951
222, 111, 2028
223, 111.5, 2215
224, 112, 2218
225, 112.5, 2344
226, 113, 2479
227, 113.5, 2575
228, 114, 2715
229, 114.5, 2784
230, 115, 2850
231, 115.5, 2867
232, 116, 2861
233, 116.5, 2854
234, 117, 2876
235, 117.5, 2730
236, 118, 2630
237, 118.5, 2678
238, 119, 2431
239, 119.5, 2308
240, 120, 2253
241, 120.5, 2168
242, 121, 1954
243, 121.5, 1881
244, 122, 1841
245, 122.5, 1738
246, 123, 1593
247, 123.5, 1640
248, 124, 1455
249, 124.5, 1520
250, 125, 1443
251, 125.5, 1414
252, 126, 1357
253, 126.5, 1339
254, 127, 1325
255, 127.5, 1380
256, 128, 1250
257, 128.5, 1221
258, 129, 1224
259, 129.5, 1221
260, 130, 1226
261, 130.5, 1204
262, 131, 1152
263, 131.5, 1187
264, 132, 1258
265, 132.5, 1206
266, 133, 1187
267, 133.5, 1233
268, 134, 1191
269, 134.5, 1135
270, 135, 1180
271, 135.5, 1163
272, 136, 1175
273, 136.5, 1146
274, 137, 1249
275, 137.5, 1224
276, 138, 1210
277, 138.5, 1260
278, 139, 1237
279, 139.5, 1300
280, 140, 1252
281, 140.5, 1261
282, 141, 1280
283, 141.5, 1283
284, 142, 1216
285, 142.5, 1248
286, 143, 1338
287, 143.5, 1382
288, 144, 1308
289, 144.5, 1283
290, 145, 1345
291, 145.5, 1298
292, 146, 1321
293, 146.5, 1349
294, 147, 1360
295, 147.5, 1325
296, 148, 1343
297, 148.5, 1325
298, 149, 1282
299, 149.5, 1419
300, 150, 1428
301, 150.5, 1372
302, 151, 1368
303, 151.5, 1412
304, 152, 1354
305, 152.5, 1380
306, 153, 1412
307, 153.5, 1397
308, 154, 1363
309, 154.5, 1390
310, 155, 1343
311, 155.5, 1406
312, 156, 1383
313, 156.5, 1412
314, 157, 1330
315, 157.5, 1281
316, 158, 1295
317, 158.5, 1207
318, 159, 1272
319, 159.5, 1243
320, 160, 1204
321, 160.5, 1210
322, 161, 1137
323, 161.5, 1188
324, 162, 1127
325, 162.5, 1104
326, 163, 1113
327, 163.5, 1142
328, 164, 1127
329, 164.5, 1023
330, 165, 1066
331, 165.5, 1048
332, 166, 1043
333, 166.5, 1021
334, 167, 1020
335, 167.5, 1006
336, 168, 939
337, 168.5, 974
338, 169, 988
339, 169.5, 1022
340, 170, 934
341, 170.5, 1059
342, 171, 968
343, 171.5, 957
344, 172, 981
345, 172.5, 1003
346, 173, 938
347, 173.5, 959
348, 174, 942
349, 174.5, 898
350, 175, 942
351, 175.5, 916
352, 176, 939
353, 176.5, 916
354, 177, 903
355, 177.5, 883
356, 178, 891
357, 178.5, 887
358, 179, 895
359, 179.5, 875
360, 180, 888
361, 180.5, 832
362, 181, 891
363, 181.5, 863
364, 182, 784
365, 182.5, 779
366, 183, 833
367, 183.5, 854
368, 184, 809
369, 184.5, 773
370, 185, 740
371, 185.5, 745
372, 186, 792
373, 186.5, 747
374, 187, 776
375, 187.5, 792
376, 188, 772
377, 188.5, 794
378, 189, 764
379, 189.5, 784
380, 190, 746
381, 190.5, 778
382, 191, 725
383, 191.5, 810
384, 192, 767
385, 192.5, 766
386, 193, 727
387, 193.5, 789
388, 194, 729
389, 194.5, 767
390, 195, 742
391, 195.5, 730
392, 196, 751
393, 196.5, 770
394, 197, 773
395, 197.5, 721
396, 198, 758
397, 198.5, 676
398, 199, 701
399, 199.5, 705
400, 200, 722
401, 200.5, 674
402, 201, 749
403, 201.5, 705
404, 202, 676
405, 202.5, 704
406, 203, 673
407, 203.5, 738
408, 204, 660
409, 204.5, 666
410, 205, 701
411, 205.5, 651
412, 206, 695
413, 206.5, 676
414, 207, 675
415, 207.5, 717
416, 208, 677
417, 208.5, 665
418, 209, 666
419, 209.5, 687
420, 210, 638
421, 210.5, 670
422, 211, 669
423, 211.5, 654
424, 212, 684
425, 212.5, 712
426, 213, 620
427, 213.5, 669
428, 214, 640
429, 214.5, 642
430, 215, 700
431, 215.5, 638
432, 216, 661
433, 216.5, 702
434, 217, 693
435, 217.5, 653
436, 218, 617
437, 218.5, 662
438, 219, 677
439, 219.5, 701
440, 220, 628
441, 220.5, 635
442, 221, 677
443, 221.5, 663
444, 222, 636
445, 222.5, 599
446, 223, 609
447, 223.5, 614
448, 224, 585
449, 224.5, 637
450, 225, 597
451, 225.5, 628
452, 226, 612
453, 226.5, 563
454, 227, 584
455, 227.5, 562
456, 228, 566
457, 228.5, 592
458, 229, 611
459, 229.5, 553
460, 230, 584
461, 230.5, 572
462, 231, 609
463, 231.5, 569
464, 232, 587
465, 232.5, 568
466, 233, 522
467, 233.5, 558
468, 234, 554
469, 234.5, 518
470, 235, 590
471, 235.5, 561
472, 236, 566
473, 236.5, 529
474, 237, 542
475, 237.5, 572
476, 238, 539
477, 238.5, 539
478, 239, 558
479, 239.5, 543
480, 240, 578
481, 240.5, 569
482, 241, 527
483, 241.5, 528
484, 242, 572
485, 242.5, 526
486, 243, 519
487, 243.5, 557
488, 244, 551
489, 244.5, 478
490, 245, 552
491, 245.5, 570
492, 246, 557
493, 246.5, 551
494, 247, 524
495, 247.5, 519
496, 248, 491
497, 248.5, 555
498, 249, 542
499, 249.5, 525
500, 250, 512
501, 250.5, 537
502, 251, 501
503, 251.5, 489
504, 252, 524
505, 252.5, 521
506, 253, 556
507, 253.5, 531
508, 254, 549
509, 254.5, 560
510, 255, 541
511, 255.5, 541
512, 256, 542
513, 256.5, 566
514, 257, 550
515, 257.5, 579
516, 258, 574
517, 258.5, 601
518, 259, 594
519, 259.5, 596
520, 260, 559
521, 260.5, 566
522, 261, 564
523, 261.5, 624
524, 262, 641
525, 262.5, 664
526, 263, 640
527, 263.5, 678
528, 264, 617
529, 264.5, 615
530, 265, 653
531, 265.5, 641
532, 266, 636
533, 266.5, 670
534, 267, 677
535, 267.5, 620
536, 268, 633
537, 268.5, 653
538, 269, 629
539, 269.5, 608
540, 270, 560
541, 270.5, 549
542, 271, 604
543, 271.5, 596
544, 272, 553
545, 272.5, 581
546, 273, 623
547, 273.5, 578
548, 274, 605
549, 274.5, 576
550, 275, 569
551, 275.5, 595
552, 276, 646
553, 276.5, 634
554, 277, 589
555, 277.5, 614
556, 278, 593
557, 278.5, 645
558, 279, 657
559, 279.5, 632
560, 280, 714
561, 280.5, 669
562, 281, 716
563, 281.5, 749
564, 282, 714
565, 282.5, 775
566, 283, 795
567, 283.5, 793
568, 284, 772
569, 284.5, 838
570, 285, 867
571, 285.5, 883
572, 286, 890
573, 286.5, 835
574, 287, 858
575, 287.5, 888
576, 288, 843
577, 288.5, 908
578, 289, 909
579, 289.5, 906
580, 290, 885
581, 290.5, 845
582, 291, 812
583, 291.5, 836
584, 292, 880
585, 292.5, 870
586, 293, 790
587, 293.5, 816
588, 294, 849
589, 294.5, 785
590, 295, 799
591, 295.5, 818
592, 296, 734
593, 296.5, 779
594, 297, 771
595, 297.5, 739
596, 298, 775
597, 298.5, 740
598, 299, 736
599, 299.5, 787
600, 300, 750
601, 300.5, 688
602, 301, 726
603, 301.5, 727
604, 302, 729
605, 302.5, 741
606, 303, 658
607, 303.5, 725
608, 304, 691
609, 304.5, 630
610, 305, 664
611, 305.5, 643
612, 306, 690
613, 306.5, 611
614, 307, 667
615, 307.5, 613
616, 308, 607
617, 308.5, 593
618, 309, 579
619, 309.5, 596
620, 310, 539
621, 310.5, 606
622, 311, 549
623, 311.5, 532
624, 312, 528
625, 312.5, 512
626, 313, 520
627, 313.5, 475
628, 314, 506
629, 314.5, 505
630, 315, 443
631, 315.5, 510
632, 316, 491
633, 316.5, 494
634, 317, 467
635, 317.5, 460
636, 318, 442
637, 318.5, 455
638, 319, 460
639, 319.5, 469
640, 320, 481
641, 320.5, 458
642, 321, 448
643, 321.5, 479
644, 322, 444
645, 322.5, 425
646, 323, 446
647, 323.5, 415
648, 324, 427
649, 324.5, 390
650, 325, 439
651, 325.5, 409
652, 326, 400
653, 326.5, 418
654, 327, 436
655, 327.5, 401
656, 328, 436
657, 328.5, 443
658, 329, 411
659, 329.5, 424
660, 330, 402
661, 330.5, 377
662, 331, 437
663, 331.5, 446
664, 332, 407
665, 332.5, 390
666, 333, 449
667, 333.5, 415
668, 334, 387
669, 334.5, 422
670, 335, 404
671, 335.5, 404
672, 336, 390
673, 336.5, 378
674, 337, 400
675, 337.5, 387
676, 338, 392
677, 338.5, 423
678, 339, 393
679, 339.5, 397
680, 340, 409
681, 340.5, 379
682, 341, 374
683, 341.5, 407
684, 342, 381
685, 342.5, 405
686, 343, 409
687, 343.5, 416
688, 344, 378
689, 344.5, 389
690, 345, 368
691, 345.5, 387
692, 346, 380
693, 346.5, 382
694, 347, 370
695, 347.5, 389
696, 348, 372
697, 348.5, 361
698, 349, 390
699, 349.5, 404
700, 350, 366
701, 350.5, 353
702, 351, 386
703, 351.5, 381
704, 352, 383
705, 352.5, 365
706, 353, 354
707, 353.5, 360
708, 354, 349
709, 354.5, 355
710, 355, 385
711, 355.5, 372
712, 356, 344
713, 356.5, 362
714, 357, 353
715, 357.5, 358
716, 358, 350
717, 358.5, 381
718, 359, 393
719, 359.5, 353
720, 360, 394
721, 360.5, 341
722, 361, 350
723, 361.5, 344
724, 362, 348
725, 362.5, 345
726, 363, 363
727, 363.5, 331
728, 364, 331
729, 364.5, 355
730, 365, 366
731, 365.5, 344
732, 366, 357
733, 366.5, 349
734, 367, 353
735, 367.5, 364
736, 368, 339
737, 368.5, 312
738, 369, 354
739, 369.5, 319
740, 370, 355
741, 370.5, 343
742, 371, 332
743, 371.5, 343
744, 372, 333
745, 372.5, 356
746, 373, 338
747, 373.5, 343
748, 374, 329
749, 374.5, 365
750, 375, 354
751, 375.5, 334
752, 376, 337
753, 376.5, 362
754, 377, 332
755, 377.5, 301
756, 378, 334
757, 378.5, 321
758, 379, 318
759, 379.5, 337
760, 380, 324
761, 380.5, 327
762, 381, 297
763, 381.5, 332
764, 382, 340
765, 382.5, 352
766, 383, 330
767, 383.5, 312
768, 384, 342
769, 384.5, 339
770, 385, 320
771, 385.5, 330
772, 386, 325
773, 386.5, 326
774, 387, 348
775, 387.5, 320
776, 388, 317
777, 388.5, 375
778, 389, 321
779, 389.5, 340
780, 390, 319
781, 390.5, 310
782, 391, 330
783, 391.5, 322
784, 392, 348
785, 392.5, 307
786, 393, 317
787, 393.5, 301
788, 394, 338
789, 394.5, 342
790, 395, 307
791, 395.5, 327
792, 396, 315
793, 396.5, 317
794, 397, 343
795, 397.5, 335
796, 398, 291
797, 398.5, 308
798, 399, 320
799, 399.5, 308
800, 400, 323
801, 400.5, 304
802, 401, 305
803, 401.5, 322
804, 402, 296
805, 402.5, 312
806, 403, 291
807, 403.5, 322
808, 404, 329
809, 404.5, 349
810, 405, 327
811, 405.5, 320
812, 406, 332
813, 406.5, 339
814, 407, 352
815, 407.5, 330
816, 408, 359
817, 408.5, 356
818, 409, 365
819, 409.5, 361
820, 410, 379
821, 410.5, 330
822, 411, 356
823, 411.5, 382
824, 412, 424
825, 412.5, 405
826, 413, 419
827, 413.5, 397
828, 414, 451
829, 414.5, 486
830, 415, 436
831, 415.5, 452
832, 416, 462
833, 416.5, 484
834, 417, 501
835, 417.5, 517
836, 418, 529
837, 418.5, 538
838, 419, 562
839, 419.5, 579
840, 420, 589
841, 420.5, 596
842, 421, 570
843, 421.5, 580
844, 422, 569
845, 422.5, 631
846, 423, 585
847, 423.5, 645
848, 424, 584
849, 424.5, 597
850, 425, 579
851, 425.5, 554
852, 426, 580
853, 426.5, 530
854, 427, 576
855, 427.5, 561
856, 428, 552
857, 428.5, 563
858, 429, 491
859, 429.5, 504
860, 430, 511
861, 430.5, 504
862, 431, 488
863, 431.5, 467
864, 432, 488
865, 432.5, 438
866, 433, 451
867, 433.5, 434
868, 434, 437
869, 434.5, 387
870, 435, 409
871, 435.5, 389
872, 436, 393
873, 436.5, 378
874, 437, 407
875, 437.5, 340
876, 438, 395
877, 438.5, 345
878, 439, 355
879, 439.5, 391
880, 440, 339
881, 440.5, 321
882, 441, 364
883, 441.5, 332
884, 442, 331
885, 442.5, 336
886, 443, 326
887, 443.5, 309
888, 444, 332
889, 444.5, 356
890, 445, 326
891, 445.5, 311
892, 446, 317
893, 446.5, 318
894, 447, 310
895, 447.5, 301
896, 448, 357
897, 448.5, 317
898, 449, 322
899, 449.5, 326
900, 450, 301
901, 450.5, 301
902, 451, 304
903, 451.5, 305
904, 452, 318
905, 452.5, 292
906, 453, 335
907, 453.5, 314
908, 454, 301
909, 454.5, 340
910, 455, 291
911, 455.5, 305
912, 456, 325
913, 456.5, 325
914, 457, 290
915, 457.5, 334
916, 458, 326
917, 458.5, 339
918, 459, 295
919, 459.5, 312
920, 460, 320
921, 460.5, 319
922, 461, 388
923, 461.5, 303
924, 462, 300
925, 462.5, 310
926, 463, 312
927, 463.5, 326
928, 464, 338
929, 464.5, 348
930, 465, 350
931, 465.5, 362
932, 466, 359
933, 466.5, 356
934, 467, 366
935, 467.5, 333
936, 468, 361
937, 468.5, 335
938, 469, 331
939, 469.5, 364
940, 470, 404
941, 470.5, 394
942, 471, 395
943, 471.5, 389
944, 472, 367
945, 472.5, 386
946, 473, 397
947, 473.5, 414
948, 474, 433
949, 474.5, 388
950, 475, 370
951, 475.5, 410
952, 476, 402
953, 476.5, 398
954, 477, 368
955, 477.5, 378
956, 478, 397
957, 478.5, 414
958, 479, 380
959, 479.5, 385
960, 480, 371
961, 480.5, 400
962, 481, 399
963, 481.5, 376
964, 482, 384
965, 482.5, 389
966, 483, 365
967, 483.5, 353
968, 484, 387
969, 484.5, 382
970, 485, 346
971, 485.5, 340
972, 486, 370
973, 486.5, 330
974, 487, 333
975, 487.5, 342
976, 488, 362
977, 488.5, 366
978, 489, 342
979, 489.5, 344
980, 490, 327
981, 490.5, 333
982, 491, 320
983, 491.5, 352
984, 492, 333
985, 492.5, 343
986, 493, 340
987, 493.5, 336
988, 494, 298
989, 494.5, 309
990, 495, 311
991, 495.5, 293
992, 496, 316
993, 496.5, 275
994, 497, 289
995, 497.5, 313
996, 498, 297
997, 498.5, 321
998, 499, 309
999, 499.5, 273
1000, 500, 301
1001, 500.5, 285
1002, 501, 295
1003, 501.5, 290
1004, 502, 285
1005, 502.5, 269
1006, 503, 299
1007, 503.5, 303
1008, 504, 277
1009, 504.5, 304
1010, 505, 309
1011, 505.5, 280
1012, 506, 293
1013, 506.5, 281
1014, 507, 283
1015, 507.5, 263
1016, 508, 315
1017, 508.5, 271
1018, 509, 290
1019, 509.5, 287
1020, 510, 300
1021, 510.5, 275
1022, 511, 269
1023, 511.5, 285
1024, 512, 268
1025, 512.5, 272
1026, 513, 298
1027, 513.5, 259
1028, 514, 271
1029, 514.5, 280
1030, 515, 273
1031, 515.5, 264
1032, 516, 313
1033, 516.5, 300
1034, 517, 253
1035, 517.5, 250
1036, 518, 297
1037, 518.5, 265
1038, 519, 292
1039, 519.5, 275
1040, 520, 266
1041, 520.5, 280
1042, 521, 276
1043, 521.5, 279
1044, 522, 245
1045, 522.5, 274
1046, 523, 299
1047, 523.5, 303
1048, 524, 294
1049, 524.5, 276
1050, 525, 281
1051, 525.5, 258
1052, 526, 260
1053, 526.5, 301
1054, 527, 264
1055, 527.5, 260
1056, 528, 267
1057, 528.5, 275
1058, 529, 253
1059, 529.5, 260
1060, 530, 270
1061, 530.5, 237
1062, 531, 273
1063, 531.5, 305
1064, 532, 278
1065, 532.5, 283
1066, 533, 295
1067, 533.5, 281
1068, 534, 285
1069, 534.5, 270
1070, 535, 305
1071, 535.5, 289
1072, 536, 277
1073, 536.5, 294
1074, 537, 293
1075, 537.5, 280
1076, 538, 287
1077, 538.5, 262
1078, 539, 287
1079, 539.5, 245
1080, 540, 268
1081, 540.5, 307
1082, 541, 278
1083, 541.5, 277
1084, 542, 247
1085, 542.5, 251
1086, 543, 296
1087, 543.5, 286
1088, 544, 297
1089, 544.5, 287
1090, 545, 284
1091, 545.5, 272
1092, 546, 264
1093, 546.5, 241
1094, 547, 285
1095, 547.5, 289
1096, 548, 259
1097, 548.5, 271
1098, 549, 252
1099, 549.5, 251
1100, 550, 264
1101, 550.5, 289
1102, 551, 243
1103, 551.5, 286
1104, 552, 299
1105, 552.5, 267
1106, 553, 305
1107, 553.5, 274
1108, 554, 283
1109, 554.5, 274
1110, 555, 253
1111, 555.5, 272
1112, 556, 277
1113, 556.5, 268
1114, 557, 286
1115, 557.5, 271
1116, 558, 273
1117, 558.5, 296
1118, 559, 280
1119, 559.5, 260
1120, 560, 281
1121, 560.5, 286
1122, 561, 281
1123, 561.5, 264
1124, 562, 286
1125, 562.5, 269
1126, 563, 280
1127, 563.5, 268
1128, 564, 284
1129, 564.5, 286
1130, 565, 268
1131, 565.5, 268
1132, 566, 292
1133, 566.5, 267
1134, 567, 253
1135, 567.5, 283
1136, 568, 285
1137, 568.5, 269
1138, 569, 255
1139, 569.5, 280
1140, 570, 270
1141, 570.5, 286
1142, 571, 311
1143, 571.5, 306
1144, 572, 321
1145, 572.5, 299
1146, 573, 265
1147, 573.5, 261
1148, 574, 270
1149, 574.5, 265
1150, 575, 275
1151, 575.5, 275
1152, 576, 299
1153, 576.5, 278
1154, 577, 297
1155, 577.5, 291
1156, 578, 276
1157, 578.5, 291
1158, 579, 266
1159, 579.5, 267
1160, 580, 271
1161, 580.5, 265
1162, 581, 297
1163, 581.5, 271
1164, 582, 285
1165, 582.5, 268
1166, 583, 275
1167, 583.5, 261
1168, 584, 273
1169, 584.5, 272
1170, 585, 251
1171, 585.5, 272
1172, 586, 271
1173, 586.5, 252
1174, 587, 251
1175, 587.5, 239
1176, 588, 250
1177, 588.5, 237
1178, 589, 237
1179, 589.5, 247
1180, 590, 227
1181, 590.5, 250
1182, 591, 266
1183, 591.5, 243
1184, 592, 264
1185, 592.5, 223
1186, 593, 237
1187, 593.5, 227
1188, 594, 280
1189, 594.5, 215
1190, 595, 255
1191, 595.5, 219
1192, 596, 233
1193, 596.5, 235
1194, 597, 233
1195, 597.5, 257
1196, 598, 243
1197, 598.5, 250
1198, 599, 251
1199, 599.5, 246
1200, 600, 215
1201, 600.5, 215
1202, 601, 224
1203, 601.5, 242
1204, 602, 222
1205, 602.5, 234
1206, 603, 236
1207, 603.5, 231
1208, 604, 254
1209, 604.5, 209
1210, 605, 225
1211, 605.5, 219
1212, 606, 222
1213, 606.5, 232
1214, 607, 216
1215, 607.5, 229
1216, 608, 204
1217, 608.5, 234
1218, 609, 223
1219, 609.5, 242
1220, 610, 209
1221, 610.5, 205
1222, 611, 223
1223, 611.5, 218
1224, 612, 221
1225, 612.5, 217
1226, 613, 226
1227, 613.5, 216
1228, 614, 204
1229, 614.5, 229
1230, 615, 235
1231, 615.5, 251
1232, 616, 228
1233, 616.5, 208
1234, 617, 215
1235, 617.5, 239
1236, 618, 208
1237, 618.5, 229
1238, 619, 178
1239, 619.5, 230
1240, 620, 217
1241, 620.5, 230
1242, 621, 202
1243, 621.5, 223
1244, 622, 215
1245, 622.5, 197
1246, 623, 225
1247, 623.5, 232
1248, 624, 210
1249, 624.5, 219
1250, 625, 233
1251, 625.5, 211
1252, 626, 220
1253, 626.5, 221
1254, 627, 244
1255, 627.5, 238
1256, 628, 216
1257, 628.5, 225
1258, 629, 235
1259, 629.5, 230
1260, 630, 220
1261, 630.5, 206
1262, 631, 194
1263, 631.5, 214
1264, 632, 218
1265, 632.5, 206
1266, 633, 212
1267, 633.5, 227
1268, 634, 211
1269, 634.5, 236
1270, 635, 228
1271, 635.5, 223
1272, 636, 235
1273, 636.5, 246
1274, 637, 212
1275, 637.5, 215
1276, 638, 247
1277, 638.5, 226
1278, 639, 220
1279, 639.5, 239
1280, 640, 229
1281, 640.5, 268
1282, 641, 255
1283, 641.5, 224
1284, 642, 257
1285, 642.5, 270
1286, 643, 260
1287, 643.5, 271
1288, 644, 265
1289, 644.5, 293
1290, 645, 290
1291, 645.5, 316
1292, 646, 291
1293, 646.5, 319
1294, 647, 312
1295, 647.5, 319
1296, 648, 314
1297, 648.5, 336
1298, 649, 359
1299, 649.5, 337
1300, 650, 352
1301, 650.5, 335
1302, 651, 372
1303, 651.5, 382
1304, 652, 374
1305, 652.5, 388
1306, 653, 348
1307, 653.5, 366
1308, 654, 368
1309, 654.5, 378
1310, 655, 399
1311, 655.5, 372
1312, 656, 347
1313, 656.5, 330
1314, 657, 358
1315, 657.5, 359
1316, 658, 353
1317, 658.5, 390
1318, 659, 354
1319, 659.5, 355
1320, 660, 368
1321, 660.5, 333
1322, 661, 335
1323, 661.5, 328
1324, 662, 346
1325, 662.5, 338
1326, 663, 325
1327, 663.5, 329
1328, 664, 314
1329, 664.5, 304
1330, 665, 283
1331, 665.5, 287
1332, 666, 278
1333, 666.5, 276
1334, 667, 297
1335, 667.5, 255
1336, 668, 270
1337, 668.5, 243
1338, 669, 265
1339, 669.5, 238
1340, 670, 249
1341, 670.5, 263
1342, 671, 232
1343, 671.5, 237
1344, 672, 248
1345, 672.5, 238
1346, 673, 242
1347, 673.5, 258
1348, 674, 242
1349, 674.5, 240
1350, 675, 211
1351, 675.5, 186
1352, 676, 230
1353, 676.5, 189
1354, 677, 201
1355, 677.5, 221
1356, 678, 240
1357, 678.5, 210
1358, 679, 224
1359, 679.5, 219
1360, 680, 222
1361, 680.5, 218
1362, 681, 197
1363, 681.5, 224
1364, 682, 211
1365, 682.5, 219
1366, 683, 208
1367, 683.5, 212
1368, 684, 218
1369, 684.5, 197
1370, 685, 197
1371, 685.5, 177
1372, 686, 213
1373, 686.5, 195
1374, 687, 187
1375, 687.5, 193
1376, 688, 203
1377, 688.5, 210
1378, 689, 220
1379, 689.5, 183
1380, 690, 197
1381, 690.5, 194
1382, 691, 202
1383, 691.5, 200
1384, 692, 233
1385, 692.5, 198
1386, 693, 216
1387, 693.5, 198
1388, 694, 180
1389, 694.5, 216
1390, 695, 202
1391, 695.5, 198
1392, 696, 194
1393, 696.5, 198
1394, 697, 212
1395, 697.5, 191
1396, 698, 217
1397, 698.5, 199
1398, 699, 204
1399, 699.5, 207
1400, 700, 193
1401, 700.5, 198
1402, 701, 183
1403, 701.5, 188
1404, 702, 191
1405, 702.5, 192
1406, 703, 192
1407, 703.5, 194
1408, 704, 188
1409, 704.5, 197
1410, 705, 178
1411, 705.5, 189
1412, 706, 208
1413, 706.5, 212
1414, 707, 201
1415, 707.5, 189
1416, 708, 197
1417, 708.5, 203
1418, 709, 190
1419, 709.5, 197
1420, 710, 215
1421, 710.5, 198
1422, 711, 191
1423, 711.5, 155
1424, 712, 189
1425, 712.5, 185
1426, 713, 187
1427, 713.5, 183
1428, 714, 208
1429, 714.5, 187
1430, 715, 198
1431, 715.5, 170
1432, 716, 199
1433, 716.5, 205
1434, 717, 181
1435, 717.5, 183
1436, 718, 195
1437, 718.5, 191
1438, 719, 193
1439, 719.5, 188
1440, 720, 212
1441, 720.5, 179
1442, 721, 197
1443, 721.5, 200
1444, 722, 212
1445, 722.5, 210
1446, 723, 175
1447, 723.5, 203
1448, 724, 181
1449, 724.5, 208
1450, 725, 179
1451, 725.5, 217
1452, 726, 191
1453, 726.5, 202
1454, 727, 238
1455, 727.5, 240
1456, 728, 218
1457, 728.5, 202
1458, 729, 232
1459, 729.5, 224
1460, 730, 236
1461, 730.5, 271
1462, 731, 235
1463, 731.5, 254
1464, 732, 249
1465, 732.5, 265
1466, 733, 248
1467, 733.5, 277
1468, 734, 256
1469, 734.5, 242
1470, 735, 301
1471, 735.5, 263
1472, 736, 272
1473, 736.5, 320
1474, 737, 297
1475, 737.5, 276
1476, 738, 269
1477, 738.5, 315
1478, 739, 314
1479, 739.5, 301
1480, 740, 305
1481, 740.5, 332
1482, 741, 340
1483, 741.5, 348
1484, 742, 305
1485, 742.5, 304
1486, 743, 335
1487, 743.5, 323
1488, 744, 327
1489, 744.5, 368
1490, 745, 323
1491, 745.5, 299
1492, 746, 350
1493, 746.5, 336
1494, 747, 341
1495, 747.5, 305
1496, 748, 323
1497, 748.5, 290
1498, 749, 273
1499, 749.5, 287
1500, 750, 274
1501, 750.5, 303
1502, 751, 302
1503, 751.5, 291
1504, 752, 261
1505, 752.5, 250
1506, 753, 259
1507, 753.5, 276
1508, 754, 246
1509, 754.5, 286
1510, 755, 252
1511, 755.5, 254
1512, 756, 243
1513, 756.5, 224
1514, 757, 234
1515, 757.5, 235
1516, 758, 192
1517, 758.5, 196
1518, 759, 187
1519, 759.5, 244
1520, 760, 202
1521, 760.5, 222
1522, 761, 208
1523, 761.5, 208
1524, 762, 211
1525, 762.5, 192
1526, 763, 200
1527, 763.5, 233
1528, 764, 210
1529, 764.5, 191
1530, 765, 212
1531, 765.5, 202
1532, 766, 181
1533, 766.5, 210
1534, 767, 194
1535, 767.5, 201
1536, 768, 173
1537, 768.5, 212
1538, 769, 186
1539, 769.5, 214
1540, 770, 205
1541, 770.5, 209
1542, 771, 192
1543, 771.5, 197
1544, 772, 187
1545, 772.5, 167
1546, 773, 189
1547, 773.5, 172
1548, 774, 179
1549, 774.5, 180
1550, 775, 169
1551, 775.5, 176
1552, 776, 179
1553, 776.5, 202
1554, 777, 180
1555, 777.5, 196
1556, 778, 178
1557, 778.5, 178
1558, 779, 185
1559, 779.5, 173
1560, 780, 189
1561, 780.5, 184
1562, 781, 168
1563, 781.5, 160
1564, 782, 175
1565, 782.5, 160
1566, 783, 148
1567, 783.5, 159
1568, 784, 168
1569, 784.5, 162
1570, 785, 151
1571, 785.5, 157
1572, 786, 143
1573, 786.5, 176
1574, 787, 174
1575, 787.5, 175
1576, 788, 166
1577, 788.5, 165
1578, 789, 159
1579, 789.5, 164
1580, 790, 171
1581, 790.5, 156
1582, 791, 175
1583, 791.5, 158
1584, 792, 165
1585, 792.5, 154
1586, 793, 157
1587, 793.5, 165
1588, 794, 193
1589, 794.5, 164
1590, 795, 162
1591, 795.5, 163
1592, 796, 166
1593, 796.5, 178
1594, 797, 169
1595, 797.5, 176
1596, 798, 161
1597, 798.5, 169
1598, 799, 170
1599, 799.5, 187
1600, 800, 190
1601, 800.5, 172
1602, 801, 148
1603, 801.5, 162
1604, 802, 166
1605, 802.5, 177
1606, 803, 182
1607, 803.5, 170
1608, 804, 182
1609, 804.5, 197
1610, 805, 149
1611, 805.5, 179
1612, 806, 197
1613, 806.5, 174
1614, 807, 185
1615, 807.5, 153
1616, 808, 186
1617, 808.5, 171
1618, 809, 197
1619, 809.5, 166
1620, 810, 166
1621, 810.5, 176
1622, 811, 173
1623, 811.5, 183
1624, 812, 175
1625, 812.5, 193
1626, 813, 173
1627, 813.5, 167
1628, 814, 172
1629, 814.5, 181
1630, 815, 178
1631, 815.5, 168
1632, 816, 172
1633, 816.5, 182
1634, 817, 145
1635, 817.5, 166
1636, 818, 187
1637, 818.5, 170
1638, 819, 149
1639, 819.5, 170
1640, 820, 174
1641, 820.5, 167
1642, 821, 157
1643, 821.5, 173
1644, 822, 150
1645, 822.5, 174
1646, 823, 183
1647, 823.5, 158
1648, 824, 166
1649, 824.5, 144
1650, 825, 163
1651, 825.5, 158
1652, 826, 161
1653, 826.5, 176
1654, 827, 167
1655, 827.5, 158
1656, 828, 180
1657, 828.5, 171
1658, 829, 168
1659, 829.5, 180
1660, 830, 142
1661, 830.5, 156
1662, 831, 146
1663, 831.5, 176
1664, 832, 183
1665, 832.5, 165
1666, 833, 162
1667, 833.5, 166
1668, 834, 169
1669, 834.5, 159
1670, 835, 174
1671, 835.5, 156
1672, 836, 157
1673, 836.5, 155
1674, 837, 181
1675, 837.5, 142
1676, 838, 195
1677, 838.5, 154
1678, 839, 148
1679, 839.5, 135
1680, 840, 177
1681, 840.5, 169
1682, 841, 156
1683, 841.5, 144
1684, 842, 154
1685, 842.5, 161
1686, 843, 154
1687, 843.5, 154
1688, 844, 185
1689, 844.5, 167
1690, 845, 159
1691, 845.5, 151
1692, 846, 166
1693, 846.5, 172
1694, 847, 165
1695, 847.5, 151
1696, 848, 145
1697, 848.5, 154
1698, 849, 160
1699, 849.5, 151
1700, 850, 148
1701, 850.5, 150
1702, 851, 150
1703, 851.5, 157
1704, 852, 162
1705, 852.5, 144
1706, 853, 152
1707, 853.5, 136
1708, 854, 146
1709, 854.5, 152
1710, 855, 128
1711, 855.5, 141
1712, 856, 166
1713, 856.5, 142
1714, 857, 131
1715, 857.5, 140
1716, 858, 151
1717, 858.5, 168
1718, 859, 159
1719, 859.5, 147
1720, 860, 150
1721, 860.5, 161
1722, 861, 153
1723, 861.5, 142
1724, 862, 145
1725, 862.5, 156
1726, 863, 142
1727, 863.5, 150
1728, 864, 148
1729, 864.5, 150
1730, 865, 144
1731, 865.5, 158
1732, 866, 142
1733, 866.5, 129
1734, 867, 158
1735, 867.5, 141
1736, 868, 166
1737, 868.5, 150
1738, 869, 149
1739, 869.5, 153
1740, 870, 132
1741, 870.5, 153
1742, 871, 170
1743, 871.5, 142
1744, 872, 143
1745, 872.5, 116
1746, 873, 147
1747, 873.5, 153
1748, 874, 133
1749, 874.5, 133
1750, 875, 128
1751, 875.5, 139
1752, 876, 150
1753, 876.5, 155
1754, 877, 165
1755, 877.5, 124
1756, 878, 152
1757, 878.5, 148
1758, 879, 141
1759, 879.5, 141
1760, 880, 155
1761, 880.5, 110
1762, 881, 154
1763, 881.5, 156
1764, 882, 144
1765, 882.5, 156
1766, 883, 154
1767, 883.5, 156
1768, 884, 165
1769, 884.5, 131
1770, 885, 172
1771, 885.5, 155
1772, 886, 154
1773, 886.5, 155
1774, 887, 153
1775, 887.5, 127
1776, 888, 139
1777, 888.5, 131
1778, 889, 158
1779, 889.5, 167
1780, 890, 152
1781, 890.5, 159
1782, 891, 143
1783, 891.5, 133
1784, 892, 155
1785, 892.5, 157
1786, 893, 134
1787, 893.5, 131
1788, 894, 140
1789, 894.5, 144
1790, 895, 147
1791, 895.5, 151
1792, 896, 152
1793, 896.5, 152
1794, 897, 141
1795, 897.5, 170
1796, 898, 135
1797, 898.5, 154
1798, 899, 154
1799, 899.5, 146
1800, 900, 157
1801, 900.5, 117
1802, 901, 117
1803, 901.5, 135
1804, 902, 151
1805, 902.5, 137
1806, 903, 143
1807, 903.5, 144
1808, 904, 126
1809, 904.5, 131
1810, 905, 153
1811, 905.5, 155
1812, 906, 133
1813, 906.5, 119
1814, 907, 130
1815, 907.5, 147
1816, 908, 151
1817, 908.5, 126
1818, 909, 153
1819, 909.5, 147
1820, 910, 148
1821, 910.5, 145
1822, 911, 138
1823, 911.5, 120
1824, 912, 130
1825, 912.5, 113
1826, 913, 136
1827, 913.5, 132
1828, 914, 109
1829, 914.5, 142
1830, 915, 155
1831, 915.5, 134
1832, 916, 146
1833, 916.5, 131
1834, 917, 126
1835, 917.5, 147
1836, 918, 129
1837, 918.5, 130
1838, 919, 139
1839, 919.5, 143
1840, 920, 141
1841, 920.5, 149
1842, 921, 139
1843, 921.5, 126
1844, 922, 116
1845, 922.5, 131
1846, 923, 143
1847, 923.5, 145
1848, 924, 144
1849, 924.5, 146
1850, 925, 137
1851, 925.5, 120
1852, 926, 134
1853, 926.5, 136
1854, 927, 131
1855, 927.5, 130
1856, 928, 117
1857, 928.5, 112
1858, 929, 121
1859, 929.5, 129
1860, 930, 140
1861, 930.5, 143
1862, 931, 118
1863, 931.5, 111
1864, 932, 113
1865, 932.5, 124
1866, 933, 133
1867, 933.5, 153
1868, 934, 137
1869, 934.5, 141
1870, 935, 131
1871, 935.5, 144
1872, 936, 140
1873, 936.5, 123
1874, 937, 132
1875, 937.5, 131
1876, 938, 150
1877, 938.5, 147
1878, 939, 121
1879, 939.5, 121
1880, 940, 132
1881, 940.5, 113
1882, 941, 130
1883, 941.5, 121
1884, 942, 116
1885, 942.5, 124
1886, 943, 138
1887, 943.5, 108
1888, 944, 137
1889, 944.5, 139
1890, 945, 127
1891, 945.5, 131
1892, 946, 141
1893, 946.5, 112
1894, 947, 101
1895, 947.5, 121
1896, 948, 126
1897, 948.5, 144
1898, 949, 117
1899, 949.5, 120
1900, 950, 124
1901, 950.5, 136
1902, 951, 144
1903, 951.5, 115
1904, 952, 133
1905, 952.5, 131
1906, 953, 135
1907, 953.5, 101
1908, 954, 120
1909, 954.5, 122
1910, 955, 130
1911, 955.5, 148
1912, 956, 126
1913, 956.5, 120
1914, 957, 140
1915, 957.5, 122
1916, 958, 138
1917, 958.5, 120
1918, 959, 136
1919, 959.5, 123
1920, 960, 110
1921, 960.5, 121
1922, 961, 124
1923, 961.5, 132
1924, 962, 115
1925, 962.5, 140
1926, 963, 139
1927, 963.5, 128
1928, 964, 126
1929, 964.5, 135
1930, 965, 124
1931, 965.5, 142
1932, 966, 143
1933, 966.5, 114
1934, 967, 131
1935, 967.5, 145
1936, 968, 127
1937, 968.5, 143
1938, 969, 162
1939, 969.5, 130
1940, 970, 127
1941, 970.5, 131
1942, 971, 137
1943, 971.5, 147
1944, 972, 146
1945, 972.5, 135
1946, 973, 140
1947, 973.5, 139
1948, 974, 172
1949, 974.5, 157
1950, 975, 168
1951, 975.5, 145
1952, 976, 142
1953, 976.5, 140
1954, 977, 160
1955, 977.5, 147
1956, 978, 162
1957, 978.5, 181
1958, 979, 163
1959, 979.5, 150
1960, 980, 158
1961, 980.5, 169
1962, 981, 146
1963, 981.5, 141
1964, 982, 157
1965, 982.5, 178
1966, 983, 151
1967, 983.5, 143
1968, 984, 171
1969, 984.5, 159
1970, 985, 164
1971, 985.5, 171
1972, 986, 169
1973, 986.5, 173
1974, 987, 173
1975, 987.5, 174
1976, 988, 157
1977, 988.5, 169
1978, 989, 176
1979, 989.5, 181
1980, 990, 166
1981, 990.5, 172
1982, 991, 142
1983, 991.5, 162
1984, 992, 169
1985, 992.5, 184
1986, 993, 172
1987, 993.5, 185
1988, 994, 158
1989, 994.5, 174
1990, 995, 164
1991, 995.5, 142
1992, 996, 168
1993, 996.5, 157
1994, 997, 173
1995, 997.5, 167
1996, 998, 161
1997, 998.5, 167
1998, 999, 182
1999, 999.5, 170
2000, 1000, 170
2001, 1000.5, 140
2002, 1001, 153
2003, 1001.5, 160
2004, 1002, 169
2005, 1002.5, 145
2006, 1003, 158
2007, 1003.5, 168
2008, 1004, 144
2009, 1004.5, 120
2010, 1005, 139
2011, 1005.5, 147
2012, 1006, 153
2013, 1006.5, 124
2014, 1007, 145
2015, 1007.5, 134
2016, 1008, 148
2017, 1008.5, 149
2018, 1009, 130
2019, 1009.5, 139
2020, 1010, 156
2021, 1010.5, 147
2022, 1011, 147
2023, 1011.5, 145
2024, 1012, 136
2025, 1012.5, 160
2026, 1013, 134
2027, 1013.5, 170
2028, 1014, 129
2029, 1014.5, 131
2030, 1015, 142
2031, 1015.5, 146
2032, 1016, 165
2033, 1016.5, 150
2034, 1017, 158
2035, 1017.5, 122
2036, 1018, 147
2037, 1018.5, 139
2038, 1019, 127
2039, 1019.5, 142
2040, 1020, 134
2041, 1020.5, 137
2042, 1021, 136
2043, 1021.5, 143
2044, 1022, 115
2045, 1022.5, 136
2046, 1023, 139
2047, 1023.5, 137
2048, 1024, 132
2049, 1024.5, 126
2050, 1025, 148
2051, 1025.5, 123
2052, 1026, 128
2053, 1026.5, 127
2054, 1027, 138
2055, 1027.5, 128
2056, 1028, 125
2057, 1028.5, 125
2058, 1029, 132
2059, 1029.5, 103
2060, 1030, 118
2061, 1030.5, 131
2062, 1031, 124
2063, 1031.5, 131
2064, 1032, 117
2065, 1032.5, 116
2066, 1033, 128
2067, 1033.5, 123
2068, 1034, 131
2069, 1034.5, 123
2070, 1035, 125
2071, 1035.5, 111
2072, 1036, 118
2073, 1036.5, 103
2074, 1037, 130
2075, 1037.5, 111
2076, 1038, 138
2077, 1038.5, 147
2078, 1039, 124
2079, 1039.5, 101
2080, 1040, 117
2081, 1040.5, 106
2082, 1041, 106
2083, 1041.5, 97
2084, 1042, 117
2085, 1042.5, 124
2086, 1043, 115
2087, 1043.5, 115
2088, 1044, 131
2089, 1044.5, 117
2090, 1045, 110
2091, 1045.5, 110
2092, 1046, 111
2093, 1046.5, 104
2094, 1047, 119
2095, 1047.5, 114
2096, 1048, 122
2097, 1048.5, 113
2098, 1049, 110
2099, 1049.5, 111
2100, 1050, 117
2101, 1050.5, 132
2102, 1051, 101
2103, 1051.5, 123
2104, 1052, 108
2105, 1052.5, 118
2106, 1053, 126
2107, 1053.5, 122
2108, 1054, 113
2109, 1054.5, 116
2110, 1055, 73
2111, 1055.5, 108
2112, 1056, 110
2113, 1056.5, 85
2114, 1057, 112
2115, 1057.5, 119
2116, 1058, 105
2117, 1058.5, 86
2118, 1059, 96
2119, 1059.5, 106
2120, 1060, 124
2121, 1060.5, 120
2122, 1061, 119
2123, 1061.5, 111
2124, 1062, 93
2125, 1062.5, 92
2126, 1063, 98
2127, 1063.5, 108
2128, 1064, 108
2129, 1064.5, 90
2130, 1065, 106
2131, 1065.5, 129
2132, 1066, 116
2133, 1066.5, 103
2134, 1067, 89
2135, 1067.5, 87
2136, 1068, 118
2137, 1068.5, 86
2138, 1069, 123
2139, 1069.5, 104
2140, 1070, 98
2141, 1070.5, 106
2142, 1071, 90
2143, 1071.5, 109
2144, 1072, 97
2145, 1072.5, 88
2146, 1073, 87
2147, 1073.5, 96
2148, 1074, 105
2149, 1074.5, 101
2150, 1075, 104
2151, 1075.5, 88
2152, 1076, 108
2153, 1076.5, 105
2154, 1077, 130
2155, 1077.5, 84
2156, 1078, 107
2157, 1078.5, 100
2158, 1079, 75
2159, 1079.5, 96
2160, 1080, 99
2161, 1080.5, 73
2162, 1081, 101
2163, 1081.5, 112
2164, 1082, 88
2165, 1082.5, 104
2166, 1083, 96
2167, 1083.5, 94
2168, 1084, 95
2169, 1084.5, 106
2170, 1085, 102
2171, 1085.5, 106
2172, 1086, 102
2173, 1086.5, 121
2174, 1087, 110
2175, 1087.5, 103
2176, 1088, 101
2177, 1088.5, 103
2178, 1089, 93
2179, 1089.5, 87
2180, 1090, 99
2181, 1090.5, 106
2182, 1091, 100
2183, 1091.5, 103
2184, 1092, 86
2185, 1092.5, 86
2186, 1093, 94
2187, 1093.5, 113
2188, 1094, 102
2189, 1094.5, 94
2190, 1095, 89
2191, 1095.5, 99
2192, 1096, 81
2193, 1096.5, 102
2194, 1097, 103
2195, 1097.5, 102
2196, 1098, 99
2197, 1098.5, 84
2198, 1099, 113
2199, 1099.5, 86
2200, 1100, 102
2201, 1100.5, 107
2202, 1101, 85
2203, 1101.5, 89
2204, 1102, 105
2205, 1102.5, 87
2206, 1103, 124
2207, 1103.5, 100
2208, 1104, 84
2209, 1104.5, 105
2210, 1105, 96
2211, 1105.5, 85
2212, 1106, 91
2213, 1106.5, 79
2214, 1107, 99
2215, 1107.5, 97
2216, 1108, 96
2217, 1108.5, 117
2218, 1109, 96
2219, 1109.5, 117
2220, 1110, 77
2221, 1110.5, 95
2222, 1111, 85
2223, 1111.5, 93
2224, 1112, 113
2225, 1112.5, 88
2226, 1113, 91
2227, 1113.5, 88
2228, 1114, 89
2229, 1114.5, 93
2230, 1115, 91
2231, 1115.5, 98
2232, 1116, 94
2233, 1116.5, 105
2234, 1117, 124
2235, 1117.5, 103
2236, 1118, 90
2237, 1118.5, 100
2238, 1119, 111
2239, 1119.5, 92
2240, 1120, 96
2241, 1120.5, 96
2242, 1121, 79
2243, 1121.5, 75
2244, 1122, 91
2245, 1122.5, 84
2246, 1123, 83
2247, 1123.5, 86
2248, 1124, 85
2249, 1124.5, 95
2250, 1125, 118
2251, 1125.5, 91
2252, 1126, 93
2253, 1126.5, 80
2254, 1127, 87
2255, 1127.5, 104
2256, 1128, 99
2257, 1128.5, 93
2258, 1129, 110
2259, 1129.5, 93
2260, 1130, 90
2261, 1130.5, 88
2262, 1131, 83
2263, 1131.5, 93
2264, 1132, 94
2265, 1132.5, 106
2266, 1133, 103
2267, 1133.5, 89
2268, 1134, 85
2269, 1134.5, 96
2270, 1135, 84
2271, 1135.5, 89
2272, 1136, 104
2273, 1136.5, 92
2274, 1137, 85
2275, 1137.5, 94
2276, 1138, 84
2277, 1138.5, 85
2278, 1139, 84
2279, 1139.5, 100
2280, 1140, 83
2281, 1140.5, 82
2282, 1141, 90
2283, 1141.5, 98
2284, 1142, 96
2285, 1142.5, 104
2286, 1143, 78
2287, 1143.5, 101
2288, 1144, 84
2289, 1144.5, 101
2290, 1145, 101
2291, 1145.5, 98
2292, 1146, 83
2293, 1146.5, 89
2294, 1147, 85
2295, 1147.5, 88
2296, 1148, 99
2297, 1148.5, 62
2298, 1149, 80
2299, 1149.5, 89
2300, 1150, 96
2301, 1150.5, 92
2302, 1151, 76
2303, 1151.5, 93
2304, 1152, 80
2305, 1152.5, 78
2306, 1153, 87
2307, 1153.5, 78
2308, 1154, 100
2309, 1154.5, 81
2310, 1155, 74
2311, 1155.5, 82
2312, 1156, 78
2313, 1156.5, 84
2314, 1157, 91
2315, 1157.5, 78
2316, 1158, 85
2317, 1158.5, 103
2318, 1159, 109
2319, 1159.5, 70
2320, 1160, 90
2321, 1160.5, 96
2322, 1161, 93
2323, 1161.5, 95
2324, 1162, 85
2325, 1162.5, 86
2326, 1163, 78
2327, 1163.5, 75
2328, 1164, 82
2329, 1164.5, 105
2330, 1165, 90
2331, 1165.5, 87
2332, 1166, 88
2333, 1166.5, 84
2334, 1167, 87
2335, 1167.5, 95
2336, 1168, 89
2337, 1168.5, 82
2338, 1169, 78
2339, 1169.5, 73
2340, 1170, 73
2341, 1170.5, 92
2342, 1171, 81
2343, 1171.5, 82
2344, 1172, 86
2345, 1172.5, 84
2346, 1173, 86
2347, 1173.5, 92
2348, 1174, 57
2349, 1174.5, 78
2350, 1175, 76
2351, 1175.5, 87
2352, 1176, 89
2353, 1176.5, 82
2354, 1177, 74
2355, 1177.5, 75
2356, 1178, 98
2357, 1178.5, 99
2358, 1179, 92
2359, 1179.5, 80
2360, 1180, 84
2361, 1180.5, 84
2362, 1181, 98
2363, 1181.5, 87
2364, 1182, 81
2365, 1182.5, 84
2366, 1183, 85
2367, 1183.5, 75
2368, 1184, 67
2369, 1184.5, 91
2370, 1185, 79
2371, 1185.5, 87
2372, 1186, 72
2373, 1186.5, 93
2374, 1187, 75
2375, 1187.5, 100
2376, 1188, 76
2377, 1188.5, 84
2378, 1189, 90
2379, 1189.5, 73
2380, 1190, 82
2381, 1190.5, 89
2382, 1191, 103
2383, 1191.5, 82
2384, 1192, 85
2385, 1192.5, 81
2386, 1193, 74
2387, 1193.5, 74
2388, 1194, 84
2389, 1194.5, 87
2390, 1195, 79
2391, 1195.5, 105
2392, 1196, 103
2393, 1196.5, 66
2394, 1197, 79
2395, 1197.5, 72
2396, 1198, 111
2397, 1198.5, 98
2398, 1199, 70
2399, 1199.5, 84
2400, 1200, 79
2401, 1200.5, 77
2402, 1201, 100
2403, 1201.5, 85
2404, 1202, 87
2405, 1202.5, 80
2406, 1203, 85
2407, 1203.5, 88
2408, 1204, 77
2409, 1204.5, 83
2410, 1205, 73
2411, 1205.5, 87
2412, 1206, 83
2413, 1206.5, 81
2414, 1207, 83
2415, 1207.5, 72
2416, 1208, 72
2417, 1208.5, 83
2418, 1209, 86
2419, 1209.5, 87
2420, 1210, 88
2421, 1210.5, 72
2422, 1211, 86
2423, 1211.5, 97
2424, 1212, 79
2425, 1212.5, 69
2426, 1213, 85
2427, 1213.5, 85
2428, 1214, 92
2429, 1214.5, 77
2430, 1215, 80
2431, 1215.5, 82
2432, 1216, 105
2433, 1216.5, 84
2434, 1217, 87
2435, 1217.5, 88
2436, 1218, 94
2437, 1218.5, 78
2438, 1219, 107
2439, 1219.5, 89
2440, 1220, 95
2441, 1220.5, 95
2442, 1221, 85
2443, 1221.5, 84
2444, 1222, 82
2445, 1222.5, 88
2446, 1223, 82
2447, 1223.5, 76
2448, 1224, 73
2449, 1224.5, 97
2450, 1225, 85
2451, 1225.5, 77
2452, 1226, 87
2453, 1226.5, 103
2454, 1227, 69
2455, 1227.5, 87
2456, 1228, 103
2457, 1228.5, 107
2458, 1229, 94
2459, 1229.5, 113
2460, 1230, 92
2461, 1230.5, 86
2462, 1231, 88
2463, 1231.5, 92
2464, 1232, 103
2465, 1232.5, 85
2466, 1233, 95
2467, 1233.5, 106
2468, 1234, 94
2469, 1234.5, 95
2470, 1235, 69
2471, 1235.5, 82
2472, 1236, 101
2473, 1236.5, 85
2474, 1237, 69
2475, 1237.5, 94
2476, 1238, 94
2477, 1238.5, 99
2478, 1239, 83
2479, 1239.5, 88
2480, 1240, 103
2481, 1240.5, 72
2482, 1241, 88
2483, 1241.5, 83
2484, 1242, 86
2485, 1242.5, 89
2486, 1243, 96
2487, 1243.5, 92
2488, 1244, 80
2489, 1244.5, 80
2490, 1245, 76
2491, 1245.5, 82
2492, 1246, 84
2493, 1246.5, 88
2494, 1247, 85
2495, 1247.5, 78
2496, 1248, 87
2497, 1248.5, 92
2498, 1249, 97
2499, 1249.5, 95
2500, 1250, 88
2501, 1250.5, 80
2502, 1251, 83
2503, 1251.5, 75
2504, 1252, 66
2505, 1252.5, 68
2506, 1253, 86
2507, 1253.5, 89
2508, 1254, 98
2509, 1254.5, 79
2510, 1255, 74
2511, 1255.5, 87
2512, 1256, 106
2513, 1256.5, 87
2514, 1257, 60
2515, 1257.5, 69
2516, 1258, 83
2517, 1258.5, 78
2518, 1259, 93
2519, 1259.5, 96
2520, 1260, 101
2521, 1260.5, 69
2522, 1261, 81
2523, 1261.5, 69
2524, 1262, 85
2525, 1262.5, 74
2526, 1263, 70
2527, 1263.5, 68
2528, 1264, 90
2529, 1264.5, 81
2530, 1265, 85
2531, 1265.5, 77
2532, 1266, 93
2533, 1266.5, 82
2534, 1267, 78
2535, 1267.5, 78
2536, 1268, 79
2537, 1268.5, 61
2538, 1269, 71
2539, 1269.5, 82
2540, 1270, 72
2541, 1270.5, 66
2542, 1271, 75
2543, 1271.5, 78
2544, 1272, 77
2545, 1272.5, 80
2546, 1273, 83
2547, 1273.5, 77
2548, 1274, 92
2549, 1274.5, 78
2550, 1275, 73
2551, 1275.5, 70
2552, 1276, 73
2553, 1276.5, 74
2554, 1277, 64
2555, 1277.5, 68
2556, 1278, 64
2557, 1278.5, 75
2558, 1279, 72
2559, 1279.5, 66
2560, 1280, 75
2561, 1280.5, 72
2562, 1281, 71
2563, 1281.5, 81
2564, 1282, 73
2565, 1282.5, 68
2566, 1283, 74
2567, 1283.5, 63
2568, 1284, 61
2569, 1284.5, 80
2570, 1285, 91
2571, 1285.5, 81
2572, 1286, 81
2573, 1286.5, 75
2574, 1287, 87
2575, 1287.5, 89
2576, 1288, 88
2577, 1288.5, 67
2578, 1289, 78
2579, 1289.5, 77
2580, 1290, 80
2581, 1290.5, 71
2582, 1291, 76
2583, 1291.5, 71
2584, 1292, 75
2585, 1292.5, 76
2586, 1293, 61
2587, 1293.5, 69
2588, 1294, 75
2589, 1294.5, 64
2590, 1295, 82
2591, 1295.5, 69
2592, 1296, 53
2593, 1296.5, 73
2594, 1297, 64
2595, 1297.5, 88
2596, 1298, 62
2597, 1298.5, 67
2598, 1299, 71
2599, 1299.5, 64
2600, 1300, 69
2601, 1300.5, 66
2602, 1301, 72
2603, 1301.5, 60
2604, 1302, 73
2605, 1302.5, 83
2606, 1303, 77
2607, 1303.5, 71
2608, 1304, 74
2609, 1304.5, 66
2610, 1305, 66
2611, 1305.5, 53
2612, 1306, 66
2613, 1306.5, 70
2614, 1307, 65
2615, 1307.5, 65
2616, 1308, 73
2617, 1308.5, 78
2618, 1309, 67
2619, 1309.5, 66
2620, 1310, 65
2621, 1310.5, 69
2622, 1311, 82
2623, 1311.5, 82
2624, 1312, 94
2625, 1312.5, 57
2626, 1313, 61
2627, 1313.5, 67
2628, 1314, 63
2629, 1314.5, 66
2630, 1315, 77
2631, 1315.5, 81
2632, 1316, 72
2633, 1316.5, 67
2634, 1317, 61
2635, 1317.5, 77
2636, 1318, 50
2637, 1318.5, 50
2638, 1319, 73
2639, 1319.5, 70
2640, 1320, 72
2641, 1320.5, 71
2642, 1321, 71
2643, 1321.5, 74
2644, 1322, 79
2645, 1322.5, 74
2646, 1323, 56
2647, 1323.5, 72
2648, 1324, 61
2649, 1324.5, 57
2650, 1325, 59
2651, 1325.5, 66
2652, 1326, 74
2653, 1326.5, 66
2654, 1327, 56
2655, 1327.5, 61
2656, 1328, 64
2657, 1328.5, 69
2658, 1329, 52
2659, 1329.5, 66
2660, 1330, 61
2661, 1330.5, 41
2662, 1331, 63
2663, 1331.5, 66
2664, 1332, 55
2665, 1332.5, 83
2666, 1333, 60
2667, 1333.5, 61
2668, 1334, 68
2669, 1334.5, 62
2670, 1335, 67
2671, 1335.5, 66
2672, 1336, 63
2673, 1336.5, 63
2674, 1337, 75
2675, 1337.5, 74
2676, 1338, 59
2677, 1338.5, 67
2678, 1339, 54
2679, 1339.5, 61
2680, 1340, 61
2681, 1340.5, 52
2682, 1341, 56
2683, 1341.5, 61
2684, 1342, 57
2685, 1342.5, 56
2686, 1343, 76
2687, 1343.5, 74
2688, 1344, 46
2689, 1344.5, 56
2690, 1345, 61
2691, 1345.5, 70
2692, 1346, 61
2693, 1346.5, 66
2694, 1347, 56
2695, 1347.5, 70
2696, 1348, 68
2697, 1348.5, 63
2698, 1349, 56
2699, 1349.5, 71
2700, 1350, 56
2701, 1350.5, 61
2702, 1351, 56
2703, 1351.5, 56
2704, 1352, 52
2705, 1352.5, 57
2706, 1353, 66
2707, 1353.5, 41
2708, 1354, 54
2709, 1354.5, 63
2710, 1355, 66
2711, 1355.5, 51
2712, 1356, 67
2713, 1356.5, 62
2714, 1357, 55
2715, 1357.5, 67
2716, 1358, 67
2717, 1358.5, 62
2718, 1359, 69
2719, 1359.5, 61
2720, 1360, 65
2721, 1360.5, 58
2722, 1361, 65
2723, 1361.5, 46
2724, 1362, 56
2725, 1362.5, 61
2726, 1363, 71
2727, 1363.5, 55
2728, 1364, 61
2729, 1364.5, 52
2730, 1365, 69
2731, 1365.5, 61
2732, 1366, 55
2733, 1366.5, 43
2734, 1367, 63
2735, 1367.5, 60
2736, 1368, 62
2737, 1368.5, 57
2738, 1369, 68
2739, 1369.5, 53
2740, 1370, 58
2741, 1370.5, 66
2742, 1371, 70
2743, 1371.5, 54
2744, 1372, 64
2745, 1372.5, 72
2746, 1373, 59
2747, 1373.5, 63
2748, 1374, 67
2749, 1374.5, 74
2750, 1375, 75
2751, 1375.5, 58
2752, 1376, 58
2753, 1376.5, 49
2754, 1377, 58
2755, 1377.5, 57
2756, 1378, 62
2757, 1378.5, 44
2758, 1379, 54
2759, 1379.5, 69
2760, 1380, 54
2761, 1380.5, 48
2762, 1381, 67
2763, 1381.5, 75
2764, 1382, 57
2765, 1382.5, 67
2766, 1383, 55
2767, 1383.5, 61
2768, 1384, 48
2769, 1384.5, 70
2770, 1385, 69
2771, 1385.5, 78
2772, 1386, 49
2773, 1386.5, 60
2774, 1387, 66
2775, 1387.5, 57
2776, 1388, 55
2777, 1388.5, 56
2778, 1389, 60
2779, 1389.5, 60
2780, 1390, 68
2781, 1390.5, 77
2782, 1391, 53
2783, 1391.5, 55
2784, 1392, 54
2785, 1392.5, 62
2786, 1393, 50
2787, 1393.5, 63
2788, 1394, 47
2789, 1394.5, 57
2790, 1395, 65
2791, 1395.5, 65
2792, 1396, 65
2793, 1396.5, 55
2794, 1397, 60
2795, 1397.5, 47
2796, 1398, 57
2797, 1398.5, 67
2798, 1399, 62
2799, 1399.5, 61
2800, 1400, 65
2801, 1400.5, 64
2802, 1401, 68
2803, 1401.5, 75
2804, 1402, 58
2805, 1402.5, 61
2806, 1403, 54
2807, 1403.5, 63
2808, 1404, 41
2809, 1404.5, 60
2810, 1405, 54
2811, 1405.5, 60
2812, 1406, 50
2813, 1406.5, 72
2814, 1407, 43
2815, 1407.5, 55
2816, 1408, 84
2817, 1408.5, 67
2818, 1409, 62
2819, 1409.5, 67
2820, 1410, 72
2821, 1410.5, 58
2822, 1411, 53
2823, 1411.5, 53
2824, 1412, 45
2825, 1412.5, 56
2826, 1413, 60
2827, 1413.5, 49
2828, 1414, 53
2829, 1414.5, 61
2830, 1415, 63
2831, 1415.5, 57
2832, 1416, 46
2833, 1416.5, 53
2834, 1417, 64
2835, 1417.5, 58
2836, 1418, 50
2837, 1418.5, 66
2838, 1419, 66
2839, 1419.5, 52
2840, 1420, 56
2841, 1420.5, 55
2842, 1421, 44
2843, 1421.5, 60
2844, 1422, 41
2845, 1422.5, 59
2846, 1423, 67
2847, 1423.5, 49
2848, 1424, 58
2849, 1424.5, 67
2850, 1425, 64
2851, 1425.5, 67
2852, 1426, 63
2853, 1426.5, 70
2854, 1427, 43
2855, 1427.5, 57
2856, 1428, 66
2857, 1428.5, 64
2858, 1429, 53
2859, 1429.5, 52
2860, 1430, 58
2861, 1430.5, 58
2862, 1431, 58
2863, 1431.5, 58
2864, 1432, 60
2865, 1432.5, 59
2866, 1433, 57
2867, 1433.5, 55
2868, 1434, 58
2869, 1434.5, 47
2870, 1435, 68
2871, 1435.5, 50
2872, 1436, 54
2873, 1436.5, 48
2874, 1437, 69
2875, 1437.5, 57
2876, 1438, 57
2877, 1438.5, 66
2878, 1439, 55
2879, 1439.5, 60
2880, 1440, 64
2881, 1440.5, 61
2882, 1441, 60
2883, 1441.5, 57
2884, 1442, 60
2885, 1442.5, 75
2886, 1443, 65
2887, 1443.5, 52
2888, 1444, 50
2889, 1444.5, 59
2890, 1445, 48
2891, 1445.5, 45
2892, 1446, 61
2893, 1446.5, 42
2894, 1447, 66
2895, 1447.5, 59
2896, 1448, 57
2897, 1448.5, 56
2898, 1449, 55
2899, 1449.5, 36
2900, 1450, 65
2901, 1450.5, 51
2902, 1451, 61
2903, 1451.5, 57
2904, 1452, 56
2905, 1452.5, 59
2906, 1453, 47
2907, 1453.5, 50
2908, 1454, 41
2909, 1454.5, 49
2910, 1455, 58
2911, 1455.5, 46
2912, 1456, 62
2913, 1456.5, 55
2914, 1457, 68
2915, 1457.5, 47
2916, 1458, 58
2917, 1458.5, 60
2918, 1459, 38
2919, 1459.5, 48
2920, 1460, 54
2921, 1460.5, 62
2922, 1461, 69
2923, 1461.5, 54
2924, 1462, 43
2925, 1462.5, 52
2926, 1463, 46
2927, 1463.5, 41
2928, 1464, 57
2929, 1464.5, 53
2930, 1465, 70
2931, 1465.5, 52
2932, 1466, 56
2933, 1466.5, 62
2934, 1467, 43
2935, 1467.5, 59
2936, 1468, 49
2937, 1468.5, 62
2938, 1469, 58
2939, 1469.5, 53
2940, 1470, 46
2941, 1470.5, 55
2942, 1471, 41
2943, 1471.5, 61
2944, 1472, 52
2945, 1472.5, 50
2946, 1473, 54
2947, 1473.5, 45
2948, 1474, 51
2949, 1474.5, 61
2950, 1475, 70
2951, 1475.5, 44
2952, 1476, 63
2953, 1476.5, 51
2954, 1477, 46
2955, 1477.5, 59
2956, 1478, 55
2957, 1478.5, 57
2958, 1479, 46
2959, 1479.5, 53
2960, 1480, 40
2961, 1480.5, 54
2962, 1481, 48
2963, 1481.5, 53
2964, 1482, 43
2965, 1482.5, 52
2966, 1483, 53
2967, 1483.5, 43
2968, 1484, 47
2969, 1484.5, 54
2970, 1485, 53
2971, 1485.5, 48
2972, 1486, 49
2973, 1486.5, 41
2974, 1487, 57
2975, 1487.5, 53
2976, 1488, 57
2977, 1488.5, 53
2978, 1489, 58
2979, 1489.5, 43
2980, 1490, 39
2981, 1490.5, 51
2982, 1491, 59
2983, 1491.5, 59
2984, 1492, 49
2985, 1492.5, 48
2986, 1493, 46
2987, 1493.5, 45
2988, 1494, 53
2989, 1494.5, 55
2990, 1495, 52
2991, 1495.5, 50
2992, 1496, 46
2993, 1496.5, 49
2994, 1497, 53
2995, 1497.5, 58
2996, 1498, 48
2997, 1498.5, 56
2998, 1499, 66
2999, 1499.5, 64
3000, 1500, 55
3001, 1500.5, 53
3002, 1501, 57
3003, 1501.5, 55
3004, 1502, 47
3005, 1502.5, 55
3006, 1503, 45
3007, 1503.5, 53
3008, 1504, 52
3009, 1504.5, 54
3010, 1505, 28
3011, 1505.5, 45
3012, 1506, 54
3013, 1506.5, 50
3014, 1507, 58
3015, 1507.5, 58
3016, 1508, 62
3017, 1508.5, 55
3018, 1509, 56
3019, 1509.5, 56
3020, 1510, 51
3021, 1510.5, 53
3022, 1511, 43
3023, 1511.5, 44
3024, 1512, 43
3025, 1512.5, 61
3026, 1513, 50
3027, 1513.5, 49
3028, 1514, 41
3029, 1514.5, 57
3030, 1515, 60
3031, 1515.5, 46
3032, 1516, 56
3033, 1516.5, 52
3034, 1517, 48
3035, 1517.5, 54
3036, 1518, 45
3037, 1518.5, 48
3038, 1519, 57
3039, 1519.5, 48
3040, 1520, 55
3041, 1520.5, 55
3042, 1521, 44
3043, 1521.5, 53
3044, 1522, 46
3045, 1522.5, 43
3046, 1523, 42
3047, 1523.5, 47
3048, 1524, 40
3049, 1524.5, 65
3050, 1525, 47
3051, 1525.5, 54
3052, 1526, 43
3053, 1526.5, 44
3054, 1527, 65
3055, 1527.5, 48
3056, 1528, 42
3057, 1528.5, 39
3058, 1529, 47
3059, 1529.5, 53
3060, 1530, 38
3061, 1530.5, 44
3062, 1531, 52
3063, 1531.5, 55
3064, 1532, 46
3065, 1532.5, 47
3066, 1533, 59
3067, 1533.5, 58
3068, 1534, 40
3069, 1534.5, 49
3070, 1535, 52
3071, 1535.5, 54
3072, 1536, 39
3073, 1536.5, 45
3074, 1537, 45
3075, 1537.5, 46
3076, 1538, 59
3077, 1538.5, 46
3078, 1539, 34
3079, 1539.5, 65
3080, 1540, 41
3081, 1540.5, 49
3082, 1541, 56
3083, 1541.5, 41
3084, 1542, 58
3085, 1542.5, 40
3086, 1543, 39
3087, 1543.5, 51
3088, 1544, 48
3089, 1544.5, 45
3090, 1545, 41
3091, 1545.5, 48
3092, 1546, 46
3093, 1546.5, 35
3094, 1547, 46
3095, 1547.5, 49
3096, 1548, 61
3097, 1548.5, 42
3098, 1549, 42
3099, 1549.5, 40
3100, 1550, 44
3101, 1550.5, 53
3102, 1551, 54
3103, 1551.5, 59
3104, 1552, 47
3105, 1552.5, 53
3106, 1553, 37
3107, 1553.5, 43
3108, 1554, 38
3109, 1554.5, 52
3110, 1555, 46
3111, 1555.5, 47
3112, 1556, 63
3113, 1556.5, 42
3114, 1557, 54
3115, 1557.5, 45
3116, 1558, 47
3117, 1558.5, 51
3118, 1559, 43
3119, 1559.5, 49
3120, 1560, 39
3121, 1560.5, 56
3122, 1561, 40
3123, 1561.5, 47
3124, 1562, 36
3125, 1562.5, 57
3126, 1563, 43
3127, 1563.5, 51
3128, 1564, 45
3129, 1564.5, 52
3130, 1565, 62
3131, 1565.5, 38
3132, 1566, 27
3133, 1566.5, 48
3134, 1567, 28
3135, 1567.5, 56
3136, 1568, 39
3137, 1568.5, 41
3138, 1569, 41
3139, 1569.5, 34
3140, 1570, 53
3141, 1570.5, 45
3142, 1571, 49
3143, 1571.5, 52
3144, 1572, 44
3145, 1572.5, 50
3146, 1573, 49
3147, 1573.5, 39
3148, 1574, 51
3149, 1574.5, 34
3150, 1575, 47
3151, 1575.5, 39
3152, 1576, 47
3153, 1576.5, 38
3154, 1577, 40
3155, 1577.5, 44
3156, 1578, 46
3157, 1578.5, 42
3158, 1579, 45
3159, 1579.5, 44
3160, 1580, 49
3161, 1580.5, 48
3162, 1581, 42
3163, 1581.5, 45
3164, 1582, 55
3165, 1582.5, 48
3166, 1583, 39
3167, 1583.5, 51
3168, 1584, 47
3169, 1584.5, 43
3170, 1585, 49
3171, 1585.5, 45
3172, 1586, 40
3173, 1586.5, 52
3174, 1587, 48
3175, 1587.5, 39
3176, 1588, 36
3177, 1588.5, 52
3178, 1589, 42
3179, 1589.5, 33
3180, 1590, 46
3181, 1590.5, 42
3182, 1591, 39
3183, 1591.5, 47
3184, 1592, 48
3185, 1592.5, 45
3186, 1593, 38
3187, 1593.5, 32
3188, 1594, 46
3189, 1594.5, 42
3190, 1595, 47
3191, 1595.5, 40
3192, 1596, 47
3193, 1596.5, 43
3194, 1597, 44
3195, 1597.5, 48
3196, 1598, 31
3197, 1598.5, 36
3198, 1599, 36
3199, 1599.5, 33
3200, 1600, 45
3201, 1600.5, 43
3202, 1601, 26
3203, 1601.5, 43
3204, 1602, 44
3205, 1602.5, 42
3206, 1603, 38
3207, 1603.5, 37
3208, 1604, 50
3209, 1604.5, 41
3210, 1605, 44
3211, 1605.5, 32
3212, 1606, 43
3213, 1606.5, 42
3214, 1607, 38
3215, 1607.5, 34
3216, 1608, 31
3217, 1608.5, 47
3218, 1609, 36
3219, 1609.5, 53
3220, 1610, 40
3221, 1610.5, 49
3222, 1611, 35
3223, 1611.5, 47
3224, 1612, 34
3225, 1612.5, 47
3226, 1613, 39
3227, 1613.5, 32
3228, 1614, 50
3229, 1614.5, 42
3230, 1615, 38
3231, 1615.5, 49
3232, 1616, 39
3233, 1616.5, 39
3234, 1617, 48
3235, 1617.5, 46
3236, 1618, 39
3237, 1618.5, 49
3238, 1619, 35
3239, 1619.5, 49
3240, 1620, 46
3241, 1620.5, 46
3242, 1621, 53
3243, 1621.5, 45
3244, 1622, 47
3245, 1622.5, 35
3246, 1623, 47
3247, 1623.5, 40
3248, 1624, 38
3249, 1624.5, 47
3250, 1625, 52
3251, 1625.5, 37
3252, 1626, 58
3253, 1626.5, 37
3254, 1627, 43
3255, 1627.5, 34
3256, 1628, 34
3257, 1628.5, 50
3258, 1629, 25
3259, 1629.5, 37
3260, 1630, 54
3261, 1630.5, 43
3262, 1631, 37
3263, 1631.5, 40
3264, 1632, 47
3265, 1632.5, 49
3266, 1633, 36
3267, 1633.5, 35
3268, 1634, 31
3269, 1634.5, 37
3270, 1635, 57
3271, 1635.5, 39
3272, 1636, 49
3273, 1636.5, 48
3274, 1637, 43
3275, 1637.5, 45
3276, 1638, 40
3277, 1638.5, 40
3278, 1639, 43
3279, 1639.5, 40
3280, 1640, 46
3281, 1640.5, 45
3282, 1641, 47
3283, 1641.5, 58
3284, 1642, 39
3285, 1642.5, 32
3286, 1643, 36
3287, 1643.5, 52
3288, 1644, 70
3289, 1644.5, 45
3290, 1645, 46
3291, 1645.5, 46
3292, 1646, 48
3293, 1646.5, 47
3294, 1647, 45
3295, 1647.5, 43
3296, 1648, 47
3297, 1648.5, 32
3298, 1649, 46
3299, 1649.5, 44
3300, 1650, 29
3301, 1650.5, 34
3302, 1651, 42
3303, 1651.5, 45
3304, 1652, 45
3305, 1652.5, 32
3306, 1653, 34
3307, 1653.5, 48
3308, 1654, 34
3309, 1654.5, 55
3310, 1655, 38
3311, 1655.5, 42
3312, 1656, 48
3313, 1656.5, 60
3314, 1657, 36
3315, 1657.5, 50
3316, 1658, 51
3317, 1658.5, 40
3318, 1659, 42
3319, 1659.5, 54
3320, 1660, 46
3321, 1660.5, 40
3322, 1661, 51
3323, 1661.5, 54
3324, 1662, 52
3325, 1662.5, 44
3326, 1663, 39
3327, 1663.5, 39
3328, 1664, 41
3329, 1664.5, 38
3330, 1665, 40
3331, 1665.5, 49
3332, 1666, 44
3333, 1666.5, 43
3334, 1667, 36
3335, 1667.5, 48
3336, 1668, 53
3337, 1668.5, 38
3338, 1669, 42
3339, 1669.5, 39
3340, 1670, 45
3341, 1670.5, 38
3342, 1671, 41
3343, 1671.5, 43
3344, 1672, 45
3345, 1672.5, 38
3346, 1673, 47
3347, 1673.5, 43
3348, 1674, 29
3349, 1674.5, 42
3350, 1675, 48
3351, 1675.5, 39
3352, 1676, 36
3353, 1676.5, 40
3354, 1677, 41
3355, 1677.5, 36
3356, 1678, 35
3357, 1678.5, 49
3358, 1679, 38
3359, 1679.5, 42
3360, 1680, 44
3361, 1680.5, 38
3362, 1681, 26
3363, 1681.5, 48
3364, 1682, 38
3365, 1682.5, 59
3366, 1683, 37
3367, 1683.5, 43
3368, 1684, 46
3369, 1684.5, 47
3370, 1685, 33
3371, 1685.5, 45
3372, 1686, 49
3373, 1686.5, 42
3374, 1687, 33
3375, 1687.5, 33
3376, 1688, 44
3377, 1688.5, 40
3378, 1689, 50
3379, 1689.5, 33
3380, 1690, 43
3381, 1690.5, 49
3382, 1691, 42
3383, 1691.5, 51
3384, 1692, 32
3385, 1692.5, 49
3386, 1693, 41
3387, 1693.5, 39
3388, 1694, 30
3389, 1694.5, 33
3390, 1695, 49
3391, 1695.5, 40
3392, 1696, 41
3393, 1696.5, 27
3394, 1697, 45
3395, 1697.5, 27
3396, 1698, 37
3397, 1698.5, 36
3398, 1699, 29
3399, 1699.5, 29
3400, 1700, 58
3401, 1700.5, 35
3402, 1701, 53
3403, 1701.5, 41
3404, 1702, 45
3405, 1702.5, 41
3406, 1703, 27
3407, 1703.5, 40
3408, 1704, 24
3409, 1704.5, 46
3410, 1705, 43
3411, 1705.5, 38
3412, 1706, 54
3413, 1706.5, 36
3414, 1707, 34
3415, 1707.5, 53
3416, 1708, 52
3417, 1708.5, 34
3418, 1709, 31
3419, 1709.5, 35
3420, 1710, 33
3421, 1710.5, 37
3422, 1711, 30
3423, 1711.5, 43
3424, 1712, 34
3425, 1712.5, 42
3426, 1713, 41
3427, 1713.5, 52
3428, 1714, 47
3429, 1714.5, 39
3430, 1715, 35
3431, 1715.5, 34
3432, 1716, 34
3433, 1716.5, 40
3434, 1717, 29
3435, 1717.5, 36
3436, 1718, 43
3437, 1718.5, 42
3438, 1719, 44
3439, 1719.5, 46
3440, 1720, 40
3441, 1720.5, 41
3442, 1721, 36
3443, 1721.5, 50
3444, 1722, 43
3445, 1722.5, 34
3446, 1723, 41
3447, 1723.5, 44
3448, 1724, 42
3449, 1724.5, 38
3450, 1725, 32
3451, 1725.5, 45
3452, 1726, 34
3453, 1726.5, 39
3454, 1727, 43
3455, 1727.5, 40
3456, 1728, 35
3457, 1728.5, 37
3458, 1729, 27
3459, 1729.5, 36
3460, 1730, 37
3461, 1730.5, 32
3462, 1731, 38
3463, 1731.5, 40
3464, 1732, 40
3465, 1732.5, 27
3466, 1733, 28
3467, 1733.5, 32
3468, 1734, 38
3469, 1734.5, 28
3470, 1735, 36
3471, 1735.5, 43
3472, 1736, 33
3473, 1736.5, 34
3474, 1737, 46
3475, 1737.5, 35
3476, 1738, 31
3477, 1738.5, 48
3478, 1739, 45
3479, 1739.5, 29
3480, 1740, 43
3481, 1740.5, 41
3482, 1741, 40
3483, 1741.5, 30
3484, 1742, 36
3485, 1742.5, 38
3486, 1743, 36
3487, 1743.5, 35
3488, 1744, 42
3489, 1744.5, 37
3490, 1745, 36
3491, 1745.5, 37
3492, 1746, 37
3493, 1746.5, 33
3494, 1747, 32
3495, 1747.5, 41
3496, 1748, 29
3497, 1748.5, 33
3498, 1749, 37
3499, 1749.5, 27
3500, 1750, 28
3501, 1750.5, 42
3502, 1751, 41
3503, 1751.5, 38
3504, 1752, 36
3505, 1752.5, 30
3506, 1753, 32
3507, 1753.5, 41
3508, 1754, 31
3509, 1754.5, 30
3510, 1755, 36
3511, 1755.5, 37
3512, 1756, 45
3513, 1756.5, 37
3514, 1757, 37
3515, 1757.5, 36
3516, 1758, 36
3517, 1758.5, 35
3518, 1759, 30
3519, 1759.5, 31
3520, 1760, 28
3521, 1760.5, 37
3522, 1761, 27
3523, 1761.5, 37
3524, 1762, 32
3525, 1762.5, 42
3526, 1763, 48
3527, 1763.5, 40
3528, 1764, 35
3529, 1764.5, 40
3530, 1765, 45
3531, 1765.5, 42
3532, 1766, 31
3533, 1766.5, 25
3534, 1767, 38
3535, 1767.5, 38
3536, 1768, 29
3537, 1768.5, 34
3538, 1769, 44
3539, 1769.5, 27
3540, 1770, 33
3541, 1770.5, 39
3542, 1771, 35
3543, 1771.5, 48
3544, 1772, 28
3545, 1772.5, 27
3546, 1773, 33
3547, 1773.5, 38
3548, 1774, 44
3549, 1774.5, 30
3550, 1775, 36
3551, 1775.5, 37
3552, 1776, 36
3553, 1776.5, 37
3554, 1777, 37
3555, 1777.5, 32
3556, 1778, 37
3557, 1778.5, 32
3558, 1779, 18
3559, 1779.5, 30
3560, 1780, 32
3561, 1780.5, 36
3562, 1781, 33
3563, 1781.5, 38
3564, 1782, 38
3565, 1782.5, 42
3566, 1783, 43
3567, 1783.5, 31
3568, 1784, 36
3569, 1784.5, 34
3570, 1785, 33
3571, 1785.5, 28
3572, 1786, 35
3573, 1786.5, 32
3574, 1787, 35
3575, 1787.5, 37
3576, 1788, 36
3577, 1788.5, 29
3578, 1789, 40
3579, 1789.5, 27
3580, 1790, 31
3581, 1790.5, 35
3582, 1791, 34
3583, 1791.5, 31
3584, 1792, 31
3585, 1792.5, 29
3586, 1793, 28
3587, 1793.5, 46
3588, 1794, 30
3589, 1794.5, 41
3590, 1795, 29
3591, 1795.5, 30
3592, 1796, 28
3593, 1796.5, 33
3594, 1797, 18
3595, 1797.5, 29
3596, 1798, 31
3597, 1798.5, 35
3598, 1799, 36
3599, 1799.5, 32
3600, 1800, 30
3601, 1800.5, 34
3602, 1801, 27
3603, 1801.5, 33
3604, 1802, 23
3605, 1802.5, 30
3606, 1803, 35
3607, 1803.5, 38
3608, 1804, 31
3609, 1804.5, 38
3610, 1805, 23
3611, 1805.5, 25
3612, 1806, 30
3613, 1806.5, 45
3614, 1807, 32
3615, 1807.5, 42
3616, 1808, 32
3617, 1808.5, 33
3618, 1809, 30
3619, 1809.5, 38
3620, 1810, 31
3621, 1810.5, 27
3622, 1811, 31
3623, 1811.5, 32
3624, 1812, 40
3625, 1812.5, 40
3626, 1813, 42
3627, 1813.5, 32
3628, 1814, 28
3629, 1814.5, 31
3630, 1815, 31
3631, 1815.5, 32
3632, 1816, 39
3633, 1816.5, 36
3634, 1817, 33
3635, 1817.5, 33
3636, 1818, 23
3637, 1818.5, 33
3638, 1819, 33
3639, 1819.5, 30
3640, 1820, 38
3641, 1820.5, 31
3642, 1821, 45
3643, 1821.5, 38
3644, 1822, 27
3645, 1822.5, 35
3646, 1823, 30
3647, 1823.5, 28
3648, 1824, 28
3649, 1824.5, 35
3650, 1825, 37
3651, 1825.5, 31
3652, 1826, 39
3653, 1826.5, 46
3654, 1827, 23
3655, 1827.5, 28
3656, 1828, 42
3657, 1828.5, 30
3658, 1829, 29
3659, 1829.5, 31
3660, 1830, 32
3661, 1830.5, 29
3662, 1831, 34
3663, 1831.5, 44
3664, 1832, 41
3665, 1832.5, 25
3666, 1833, 27
3667, 1833.5, 37
3668, 1834, 34
3669, 1834.5, 35
3670, 1835, 23
3671, 1835.5, 39
3672, 1836, 32
3673, 1836.5, 43
3674, 1837, 39
3675, 1837.5, 37
3676, 1838, 28
3677, 1838.5, 34
3678, 1839, 31
3679, 1839.5, 25
3680, 1840, 23
3681, 1840.5, 36
3682, 1841, 26
3683, 1841.5, 33
3684, 1842, 33
3685, 1842.5, 38
3686, 1843, 39
3687, 1843.5, 42
3688, 1844, 29
3689, 1844.5, 26
3690, 1845, 30
3691, 1845.5, 22
3692, 1846, 35
3693, 1846.5, 32
3694, 1847, 23
3695, 1847.5, 19
3696, 1848, 27
3697, 1848.5, 26
3698, 1849, 50
3699, 1849.5, 43
3700, 1850, 38
3701, 1850.5, 39
3702, 1851, 30
3703, 1851.5, 26
3704, 1852, 35
3705, 1852.5, 28
3706, 1853, 46
3707, 1853.5, 35
3708, 1854, 37
3709, 1854.5, 41
3710, 1855, 34
3711, 1855.5, 27
3712, 1856, 36
3713, 1856.5, 41
3714, 1857, 22
3715, 1857.5, 28
3716, 1858, 26
3717, 1858.5, 26
3718, 1859, 17
3719, 1859.5, 36
3720, 1860, 30
3721, 1860.5, 22
3722, 1861, 37
3723, 1861.5, 37
3724, 1862, 44
3725, 1862.5, 34
3726, 1863, 40
3727, 1863.5, 31
3728, 1864, 31
3729, 1864.5, 23
3730, 1865, 34
3731, 1865.5, 36
3732, 1866, 29
3733, 1866.5, 44
3734, 1867, 37
3735, 1867.5, 21
3736, 1868, 37
3737, 1868.5, 38
3738, 1869, 30
3739, 1869.5, 29
3740, 1870, 30
3741, 1870.5, 33
3742, 1871, 27
3743, 1871.5, 30
3744, 1872, 28
3745, 1872.5, 24
3746, 1873, 28
3747, 1873.5, 37
3748, 1874, 34
3749, 1874.5, 37
3750, 1875, 24
3751, 1875.5, 36
3752, 1876, 39
3753, 1876.5, 34
3754, 1877, 34
3755, 1877.5, 28
3756, 1878, 28
3757, 1878.5, 34
3758, 1879, 27
3759, 1879.5, 31
3760, 1880, 31
3761, 1880.5, 24
3762, 1881, 40
3763, 1881.5, 28
3764, 1882, 30
3765, 1882.5, 28
3766, 1883, 35
3767, 1883.5, 17
3768, 1884, 35
3769, 1884.5, 34
3770, 1885, 37
3771, 1885.5, 33
3772, 1886, 24
3773, 1886.5, 34
3774, 1887, 33
3775, 1887.5, 28
3776, 1888, 32
3777, 1888.5, 35
3778, 1889, 28
3779, 1889.5, 37
3780, 1890, 34
3781, 1890.5, 32
3782, 1891, 39
3783, 1891.5, 41
3784, 1892, 34
3785, 1892.5, 23
3786, 1893, 39
3787, 1893.5, 48
3788, 1894, 27
3789, 1894.5, 31
3790, 1895, 28
3791, 1895.5, 36
3792, 1896, 21
3793, 1896.5, 29
3794, 1897, 33
3795, 1897.5, 41
3796, 1898, 30
3797, 1898.5, 30
3798, 1899, 36
3799, 1899.5, 40
3800, 1900, 31
3801, 1900.5, 29
3802, 1901, 36
3803, 1901.5, 30
3804, 1902, 35
3805, 1902.5, 19
3806, 1903, 34
3807, 1903.5, 30
3808, 1904, 36
3809, 1904.5, 36
3810, 1905, 35
3811, 1905.5, 31
3812, 1906, 35
3813, 1906.5, 24
3814, 1907, 37
3815, 1907.5, 39
3816, 1908, 37
3817, 1908.5, 32
3818, 1909, 21
3819, 1909.5, 22
3820, 1910, 21
3821, 1910.5, 33
3822, 1911, 32
3823, 1911.5, 26
3824, 1912, 31
3825, 1912.5, 32
3826, 1913, 35
3827, 1913.5, 22
3828, 1914, 27
3829, 1914.5, 28
3830, 1915, 23
3831, 1915.5, 30
3832, 1916, 27
3833, 1916.5, 23
3834, 1917, 37
3835, 1917.5, 22
3836, 1918, 32
3837, 1918.5, 36
3838, 1919, 29
3839, 1919.5, 18
3840, 1920, 25
3841, 1920.5, 33
3842, 1921, 31
3843, 1921.5, 28
3844, 1922, 20
3845, 1922.5, 34
3846, 1923, 29
3847, 1923.5, 28
3848, 1924, 29
3849, 1924.5, 39
3850, 1925, 36
3851, 1925.5, 25
3852, 1926, 32
3853, 1926.5, 28
3854, 1927, 27
3855, 1927.5, 22
3856, 1928, 34
3857, 1928.5, 30
3858, 1929, 31
3859, 1929.5, 25
3860, 1930, 20
3861, 1930.5, 37
3862, 1931, 32
3863, 1931.5, 18
3864, 1932, 22
3865, 1932.5, 21
3866, 1933, 32
3867, 1933.5, 43
3868, 1934, 31
3869, 1934.5, 31
3870, 1935, 28
3871, 1935.5, 32
3872, 1936, 37
3873, 1936.5, 32
3874, 1937, 31
3875, 1937.5, 30
3876, 1938, 23
3877, 1938.5, 24
3878, 1939, 28
3879, 1939.5, 30
3880, 1940, 27
3881, 1940.5, 27
3882, 1941, 23
3883, 1941.5, 28
3884, 1942, 38
3885, 1942.5, 26
3886, 1943, 26
3887, 1943.5, 35
3888, 1944, 22
3889, 1944.5, 30
3890, 1945, 30
3891, 1945.5, 26
3892, 1946, 23
3893, 1946.5, 31
3894, 1947, 25
3895, 1947.5, 28
3896, 1948, 27
3897, 1948.5, 27
3898, 1949, 25
3899, 1949.5, 28
3900, 1950, 30
3901, 1950.5, 30
3902, 1951, 28
3903, 1951.5, 33
3904, 1952, 40
3905, 1952.5, 20
3906, 1953, 25
3907, 1953.5, 28
3908, 1954, 23
3909, 1954.5, 23
3910, 1955, 25
3911, 1955.5, 33
3912, 1956, 25
3913, 1956.5, 30
3914, 1957, 29
3915, 1957.5, 31
3916, 1958, 25
3917, 1958.5, 25
3918, 1959, 22
3919, 1959.5, 33
3920, 1960, 29
3921, 1960.5, 32
3922, 1961, 36
3923, 1961.5, 32
3924, 1962, 24
3925, 1962.5, 35
3926, 1963, 23
3927, 1963.5, 32
3928, 1964, 20
3929, 1964.5, 34
3930, 1965, 30
3931, 1965.5, 28
3932, 1966, 29
3933, 1966.5, 24
3934, 1967, 29
3935, 1967.5, 23
3936, 1968, 32
3937, 1968.5, 21
3938, 1969, 32
3939, 1969.5, 34
3940, 1970, 31
3941, 1970.5, 40
3942, 1971, 34
3943, 1971.5, 31
3944, 1972, 27
3945, 1972.5, 25
3946, 1973, 35
3947, 1973.5, 42
3948, 1974, 26
3949, 1974.5, 26
3950, 1975, 33
3951, 1975.5, 32
3952, 1976, 23
3953, 1976.5, 25
3954, 1977, 35
3955, 1977.5, 39
3956, 1978, 38
3957, 1978.5, 36
3958, 1979, 35
3959, 1979.5, 26
3960, 1980, 21
3961, 1980.5, 32
3962, 1981, 29
3963, 1981.5, 27
3964, 1982, 36
3965, 1982.5, 26
3966, 1983, 23
3967, 1983.5, 31
3968, 1984, 34
3969, 1984.5, 29
3970, 1985, 29
3971, 1985.5, 32
3972, 1986, 25
3973, 1986.5, 27
3974, 1987, 29
3975, 1987.5, 22
3976, 1988, 31
3977, 1988.5, 30
3978, 1989, 29
3979, 1989.5, 40
3980, 1990, 31
3981, 1990.5, 29
3982, 1991, 29
3983, 1991.5, 35
3984, 1992, 32
3985, 1992.5, 28
3986, 1993, 40
3987, 1993.5, 27
3988, 1994, 31
3989, 1994.5, 29
3990, 1995, 36
3991, 1995.5, 28
3992, 1996, 31
3993, 1996.5, 35
3994, 1997, 28
3995, 1997.5, 35
3996, 1998, 37
3997, 1998.5, 26
3998, 1999, 31
3999, 1999.5, 32
4000, 2000, 29
4001, 2000.5, 27
4002, 2001, 29
4003, 2001.5, 29
4004, 2002, 38
4005, 2002.5, 38
4006, 2003, 26
4007, 2003.5, 34
4008, 2004, 34
4009, 2004.5, 25
4010, 2005, 28
4011, 2005.5, 29
4012, 2006, 37
4013, 2006.5, 32
4014, 2007, 38
4015, 2007.5, 37
4016, 2008, 28
4017, 2008.5, 28
4018, 2009, 37
4019, 2009.5, 26
4020, 2010, 24
4021, 2010.5, 26
4022, 2011, 32
4023, 2011.5, 26
4024, 2012, 34
4025, 2012.5, 38
4026, 2013, 29
4027, 2013.5, 31
4028, 2014, 32
4029, 2014.5, 31
4030, 2015, 32
4031, 2015.5, 38
4032, 2016, 25
4033, 2016.5, 41
4034, 2017, 32
4035, 2017.5, 34
4036, 2018, 21
4037, 2018.5, 27
4038, 2019, 31
4039, 2019.5, 26
4040, 2020, 37
4041, 2020.5, 36
4042, 2021, 33
4043, 2021.5, 20
4044, 2022, 32
4045, 2022.5, 30
4046, 2023, 42
4047, 2023.5, 28
4048, 2024, 28
4049, 2024.5, 36
4050, 2025, 31
4051, 2025.5, 27
4052, 2026, 27
4053, 2026.5, 43
4054, 2027, 27
4055, 2027.5, 29
4056, 2028, 30
4057, 2028.5, 24
4058, 2029, 23
4059, 2029.5, 29
4060, 2030, 37
4061, 2030.5, 27
4062, 2031, 40
4063, 2031.5, 18
4064, 2032, 32
4065, 2032.5, 27
4066, 2033, 30
4067, 2033.5, 31
4068, 2034, 24
4069, 2034.5, 23
4070, 2035, 30
4071, 2035.5, 29
4072, 2036, 27
4073, 2036.5, 31
4074, 2037, 29
4075, 2037.5, 26
4076, 2038, 33
4077, 2038.5, 26
4078, 2039, 21
4079, 2039.5, 31
4080, 2040, 26
4081, 2040.5, 29
4082, 2041, 29
4083, 2041.5, 36
4084, 2042, 27
4085, 2042.5, 27
4086, 2043, 26
4087, 2043.5, 39
4088, 2044, 26
4089, 2044.5, 21
4090, 2045, 26
4091, 2045.5, 29
4092, 2046, 35
4093, 2046.5, 28
4094, 2047, 28
4095, 2047.5, 33
4096, 2048, 23
